cell_id	CTSS
cell_000001	3
cell_000002	0
cell_000003	0
cell_000004	8
cell_000005	1
cell_000006	8
cell_000007	3
cell_000008	3
cell_000009	0
cell_000010	3
cell_000011	3
cell_000012	3
cell_000013	7
cell_000014	1
cell_000015	2
cell_000016	3
cell_000017	0
cell_000018	4
cell_000019	4
cell_000020	0
cell_000021	1
cell_000022	5
cell_000023	0
cell_000024	7
cell_000025	0
cell_000026	2
cell_000027	4
cell_000028	0
cell_000029	5
cell_000030	0
cell_000031	0
cell_000032	2
cell_000033	1
cell_000034	4
cell_000035	3
cell_000036	3
cell_000037	1
cell_000038	3
cell_000039	3
cell_000040	4
cell_000041	1
cell_000042	5
cell_000043	4
cell_000044	2
cell_000045	1
cell_000046	2
cell_000047	2
cell_000048	3
cell_000049	1
cell_000050	0
cell_000051	3
cell_000052	0
cell_000053	0
cell_000054	2
cell_000055	0
cell_000056	1
cell_000057	0
cell_000058	2
cell_000059	0
cell_000060	2
cell_000061	2
cell_000062	1
cell_000063	0
cell_000064	2
cell_000065	1
cell_000066	3
cell_000067	2
cell_000068	1
cell_000069	0
cell_000070	0
cell_000071	0
cell_000072	3
cell_000073	1
cell_000074	1
cell_000075	3
cell_000076	1
cell_000077	0
cell_000078	0
cell_000079	1
cell_000080	1
cell_000081	1
cell_000082	2
cell_000083	1
cell_000084	1
cell_000085	0
cell_000086	1
cell_000087	0
cell_000088	0
cell_000089	2
cell_000090	0
cell_000091	1
cell_000092	2
cell_000093	1
cell_000094	2
cell_000095	0
cell_000096	1
cell_000097	4
cell_000098	2
cell_000099	0
cell_000100	3
cell_000101	2
cell_000102	0
cell_000103	0
cell_000104	0
cell_000105	2
cell_000106	1
cell_000107	0
cell_000108	1
cell_000109	2
cell_000110	0
cell_000111	1
cell_000112	2
cell_000113	2
cell_000114	2
cell_000115	0
cell_000116	1
cell_000117	1
cell_000118	0
cell_000119	1
cell_000120	1
cell_000121	2
cell_000122	4
cell_000123	1
cell_000124	4
cell_000125	1
cell_000126	1
cell_000127	2
cell_000128	0
cell_000129	5
cell_000130	1
cell_000131	0
cell_000132	1
cell_000133	1
cell_000134	0
cell_000135	0
cell_000136	0
cell_000137	0
cell_000138	0
cell_000139	0
cell_000140	0
cell_000141	0
cell_000142	0
cell_000143	0
cell_000144	0
cell_000145	0
cell_000146	0
cell_000147	0
cell_000148	0
cell_000149	1
cell_000150	1
cell_000151	0
cell_000152	0
cell_000153	0
cell_000154	0
cell_000155	1
cell_000156	0
cell_000157	0
cell_000158	0
cell_000159	0
cell_000160	0
cell_000161	0
cell_000162	0
cell_000163	0
cell_000164	0
cell_000165	0
cell_000166	0
cell_000167	0
cell_000168	0
cell_000169	0
cell_000170	0
cell_000171	0
cell_000172	0
cell_000173	0
cell_000174	2
cell_000175	1
cell_000176	0
cell_000177	3
cell_000178	0
cell_000179	1
cell_000180	4
cell_000181	4
cell_000182	1
cell_000183	0
cell_000184	1
cell_000185	2
cell_000186	0
cell_000187	4
cell_000188	0
cell_000189	1
cell_000190	1
cell_000191	1
cell_000192	1
cell_000193	0
cell_000194	3
cell_000195	2
cell_000196	1
cell_000197	0
cell_000198	3
cell_000199	1
cell_000200	0
cell_000201	0
cell_000202	3
cell_000203	3
cell_000204	2
cell_000205	0
cell_000206	4
cell_000207	0
cell_000208	1
cell_000209	1
cell_000210	2
cell_000211	3
cell_000212	2
cell_000213	3
cell_000214	2
cell_000215	2
cell_000216	4
cell_000217	4
cell_000218	4
cell_000219	1
cell_000220	4
cell_000221	0
cell_000222	1
cell_000223	0
cell_000224	0
cell_000225	2
cell_000226	0
cell_000227	3
cell_000228	3
cell_000229	3
cell_000230	0
cell_000231	3
cell_000232	1
cell_000233	5
cell_000234	0
cell_000235	0
cell_000236	4
cell_000237	1
cell_000238	1
cell_000239	0
cell_000240	4
cell_000241	0
cell_000242	3
cell_000243	0
cell_000244	0
cell_000245	0
cell_000246	2
cell_000247	0
cell_000248	3
cell_000249	0
cell_000250	0
cell_000251	0
cell_000252	0
cell_000253	1
cell_000254	3
cell_000255	0
cell_000256	2
cell_000257	0
cell_000258	2
cell_000259	0
cell_000260	0
cell_000261	2
cell_000262	0
cell_000263	1
cell_000264	0
cell_000265	0
cell_000266	0
cell_000267	0
cell_000268	1
cell_000269	3
cell_000270	1
cell_000271	0
cell_000272	0
cell_000273	0
cell_000274	1
cell_000275	0
cell_000276	4
cell_000277	0
cell_000278	2
cell_000279	1
cell_000280	0
cell_000281	0
cell_000282	0
cell_000283	1
cell_000284	0
cell_000285	0
cell_000286	0
cell_000287	0
cell_000288	1
cell_000289	0
cell_000290	0
cell_000291	0
cell_000292	0
cell_000293	3
cell_000294	1
cell_000295	0
cell_000296	2
cell_000297	0
cell_000298	0
cell_000299	0
cell_000300	0
cell_000301	0
cell_000302	1
cell_000303	0
cell_000304	0
cell_000305	0
cell_000306	0
cell_000307	2
cell_000308	0
cell_000309	0
cell_000310	0
cell_000311	0
cell_000312	0
cell_000313	4
cell_000314	0
cell_000315	1
cell_000316	0
cell_000317	0
cell_000318	1
cell_000319	1
cell_000320	1
cell_000321	2
cell_000322	1
cell_000323	0
cell_000324	0
cell_000325	0
cell_000326	0
cell_000327	1
cell_000328	0
cell_000329	0
cell_000330	1
cell_000331	2
cell_000332	1
cell_000333	0
cell_000334	1
cell_000335	1
cell_000336	1
cell_000337	0
cell_000338	0
cell_000339	1
cell_000340	2
cell_000341	0
cell_000342	1
cell_000343	2
cell_000344	0
cell_000345	1
cell_000346	1
cell_000347	0
cell_000348	1
cell_000349	1
cell_000350	1
cell_000351	0
cell_000352	1
cell_000353	0
cell_000354	1
cell_000355	0
cell_000356	1
cell_000357	0
cell_000358	0
cell_000359	0
cell_000360	0
cell_000361	0
cell_000362	0
cell_000363	1
cell_000364	3
cell_000365	3
cell_000366	2
cell_000367	2
cell_000368	1
cell_000369	2
cell_000370	0
cell_000371	2
cell_000372	0
cell_000373	0
cell_000374	1
cell_000375	1
cell_000376	1
cell_000377	3
cell_000378	1
cell_000379	1
cell_000380	1
cell_000381	0
cell_000382	0
cell_000383	1
cell_000384	2
cell_000385	0
cell_000386	0
cell_000387	1
cell_000388	1
cell_000389	0
cell_000390	2
cell_000391	0
cell_000392	1
cell_000393	1
cell_000394	1
cell_000395	1
cell_000396	1
cell_000397	2
cell_000398	0
cell_000399	2
cell_000400	0
cell_000401	2
cell_000402	1
cell_000403	1
cell_000404	1
cell_000405	0
cell_000406	1
cell_000407	0
cell_000408	1
cell_000409	0
cell_000410	2
cell_000411	2
cell_000412	0
cell_000413	0
cell_000414	0
cell_000415	1
cell_000416	0
cell_000417	1
cell_000418	0
cell_000419	0
cell_000420	0
cell_000421	1
cell_000422	0
cell_000423	0
cell_000424	0
cell_000425	0
cell_000426	1
cell_000427	0
cell_000428	0
cell_000429	0
cell_000430	2
cell_000431	0
cell_000432	2
cell_000433	0
cell_000434	0
cell_000435	1
cell_000436	0
cell_000437	0
cell_000438	1
cell_000439	0
cell_000440	0
cell_000441	0
cell_000442	3
cell_000443	1
cell_000444	0
cell_000445	1
cell_000446	0
cell_000447	4
cell_000448	1
cell_000449	2
cell_000450	0
cell_000451	1
cell_000452	3
cell_000453	1
cell_000454	6
cell_000455	0
cell_000456	1
cell_000457	1
cell_000458	3
cell_000459	0
cell_000460	0
cell_000461	2
cell_000462	1
cell_000463	2
cell_000464	1
cell_000465	1
cell_000466	3
cell_000467	4
cell_000468	1
cell_000469	0
cell_000470	2
cell_000471	1
cell_000472	1
cell_000473	0
cell_000474	0
cell_000475	0
cell_000476	3
cell_000477	0
cell_000478	4
cell_000479	0
cell_000480	2
cell_000481	0
cell_000482	0
cell_000483	1
cell_000484	0
cell_000485	1
cell_000486	2
cell_000487	2
cell_000488	1
cell_000489	0
cell_000490	0
cell_000491	0
cell_000492	0
cell_000493	0
cell_000494	1
cell_000495	1
cell_000496	1
cell_000497	2
cell_000498	0
cell_000499	0
cell_000500	1
cell_000501	2
cell_000502	1
cell_000503	0
cell_000504	1
cell_000505	1
cell_000506	0
cell_000507	0
cell_000508	0
cell_000509	0
cell_000510	0
cell_000511	1
cell_000512	0
cell_000513	0
cell_000514	0
cell_000515	0
cell_000516	0
cell_000517	0
cell_000518	0
cell_000519	1
cell_000520	0
cell_000521	0
cell_000522	3
cell_000523	0
cell_000524	0
cell_000525	0
cell_000526	0
cell_000527	0
cell_000528	0
cell_000529	0
cell_000530	2
cell_000531	1
cell_000532	0
cell_000533	0
cell_000534	2
cell_000535	1
cell_000536	0
cell_000537	0
cell_000538	0
cell_000539	0
cell_000540	0
cell_000541	1
cell_000542	0
cell_000543	0
cell_000544	0
cell_000545	0
cell_000546	2
cell_000547	0
cell_000548	0
cell_000549	0
cell_000550	2
cell_000551	0
cell_000552	0
cell_000553	0
cell_000554	0
cell_000555	0
cell_000556	1
cell_000557	0
cell_000558	0
cell_000559	1
cell_000560	0
cell_000561	0
cell_000562	0
cell_000563	1
cell_000564	0
cell_000565	1
cell_000566	1
cell_000567	1
cell_000568	0
cell_000569	0
cell_000570	0
cell_000571	0
cell_000572	2
cell_000573	1
cell_000574	3
cell_000575	0
cell_000576	0
cell_000577	0
cell_000578	0
cell_000579	0
cell_000580	0
cell_000581	1
cell_000582	2
cell_000583	0
cell_000584	0
cell_000585	1
cell_000586	0
cell_000587	0
cell_000588	2
cell_000589	0
cell_000590	0
cell_000591	0
cell_000592	0
cell_000593	0
cell_000594	0
cell_000595	3
cell_000596	2
cell_000597	1
cell_000598	2
cell_000599	6
cell_000600	4
cell_000601	2
cell_000602	1
cell_000603	1
cell_000604	3
cell_000605	3
cell_000606	1
cell_000607	2
cell_000608	0
cell_000609	3
cell_000610	2
cell_000611	0
cell_000612	3
cell_000613	0
cell_000614	1
cell_000615	4
cell_000616	3
cell_000617	1
cell_000618	2
cell_000619	1
cell_000620	1
cell_000621	1
cell_000622	2
cell_000623	2
cell_000624	1
cell_000625	2
cell_000626	2
cell_000627	0
cell_000628	1
cell_000629	0
cell_000630	2
cell_000631	1
cell_000632	5
cell_000633	0
cell_000634	5
cell_000635	2
cell_000636	4
cell_000637	2
cell_000638	3
cell_000639	4
cell_000640	1
cell_000641	1
cell_000642	0
cell_000643	1
cell_000644	2
cell_000645	5
cell_000646	1
cell_000647	4
cell_000648	0
cell_000649	2
cell_000650	5
cell_000651	1
cell_000652	3
cell_000653	3
cell_000654	4
cell_000655	2
cell_000656	4
cell_000657	5
cell_000658	1
cell_000659	0
cell_000660	1
cell_000661	3
cell_000662	0
cell_000663	3
cell_000664	0
cell_000665	0
cell_000666	0
cell_000667	0
cell_000668	0
cell_000669	0
cell_000670	0
cell_000671	2
cell_000672	0
cell_000673	0
cell_000674	2
cell_000675	0
cell_000676	0
cell_000677	1
cell_000678	0
cell_000679	1
cell_000680	0
cell_000681	1
cell_000682	1
cell_000683	0
cell_000684	0
cell_000685	1
cell_000686	0
cell_000687	0
cell_000688	0
cell_000689	0
cell_000690	0
cell_000691	0
cell_000692	0
cell_000693	1
cell_000694	0
cell_000695	0
cell_000696	0
cell_000697	0
cell_000698	1
cell_000699	0
cell_000700	1
cell_000701	3
cell_000702	1
cell_000703	0
cell_000704	1
cell_000705	0
cell_000706	0
cell_000707	0
cell_000708	1
cell_000709	0
cell_000710	0
cell_000711	0
cell_000712	1
cell_000713	2
cell_000714	1
cell_000715	1
cell_000716	1
cell_000717	1
cell_000718	0
cell_000719	0
cell_000720	0
cell_000721	2
cell_000722	1
cell_000723	0
cell_000724	2
cell_000725	0
cell_000726	0
cell_000727	0
cell_000728	0
cell_000729	2
cell_000730	2
cell_000731	1
cell_000732	0
cell_000733	1
cell_000734	3
cell_000735	1
cell_000736	0
cell_000737	0
cell_000738	0
cell_000739	0
cell_000740	0
cell_000741	0
cell_000742	0
cell_000743	2
cell_000744	0
cell_000745	1
cell_000746	0
cell_000747	1
cell_000748	1
cell_000749	2
cell_000750	4
cell_000751	0
cell_000752	1
cell_000753	0
cell_000754	0
cell_000755	3
cell_000756	1
cell_000757	1
cell_000758	5
cell_000759	3
cell_000760	0
cell_000761	4
cell_000762	2
cell_000763	0
cell_000764	6
cell_000765	3
cell_000766	5
cell_000767	1
cell_000768	4
cell_000769	1
cell_000770	2
cell_000771	1
cell_000772	2
cell_000773	0
cell_000774	0
cell_000775	3
cell_000776	0
cell_000777	0
cell_000778	0
cell_000779	2
cell_000780	0
cell_000781	0
cell_000782	0
cell_000783	0
cell_000784	1
cell_000785	0
cell_000786	0
cell_000787	0
cell_000788	0
cell_000789	0
cell_000790	3
cell_000791	0
cell_000792	0
cell_000793	0
cell_000794	0
cell_000795	1
cell_000796	3
cell_000797	1
cell_000798	0
cell_000799	0
cell_000800	1
cell_000801	0
cell_000802	1
cell_000803	0
cell_000804	0
cell_000805	1
cell_000806	0
cell_000807	0
cell_000808	0
cell_000809	0
cell_000810	0
cell_000811	0
cell_000812	1
cell_000813	1
cell_000814	2
cell_000815	1
cell_000816	0
cell_000817	2
cell_000818	1
cell_000819	0
cell_000820	1
cell_000821	0
cell_000822	1
cell_000823	2
cell_000824	2
cell_000825	3
cell_000826	0
cell_000827	2
cell_000828	1
cell_000829	2
cell_000830	0
cell_000831	2
cell_000832	0
cell_000833	0
cell_000834	1
cell_000835	0
cell_000836	2
cell_000837	2
cell_000838	3
cell_000839	0
cell_000840	1
cell_000841	1
cell_000842	1
cell_000843	4
cell_000844	0
cell_000845	1
cell_000846	1
cell_000847	0
cell_000848	0
cell_000849	0
cell_000850	1
cell_000851	2
cell_000852	2
cell_000853	1
cell_000854	0
cell_000855	1
cell_000856	1
cell_000857	1
cell_000858	0
cell_000859	4
cell_000860	0
cell_000861	2
cell_000862	0
cell_000863	3
cell_000864	2
cell_000865	3
cell_000866	3
cell_000867	3
cell_000868	2
cell_000869	2
cell_000870	1
cell_000871	0
cell_000872	3
cell_000873	2
cell_000874	0
cell_000875	1
cell_000876	2
cell_000877	2
cell_000878	5
cell_000879	1
cell_000880	2
cell_000881	3
cell_000882	2
cell_000883	2
cell_000884	2
cell_000885	1
cell_000886	1
cell_000887	1
cell_000888	4
cell_000889	3
cell_000890	0
cell_000891	2
cell_000892	1
cell_000893	1
cell_000894	0
cell_000895	2
cell_000896	2
cell_000897	1
cell_000898	4
cell_000899	0
cell_000900	0
cell_000901	0
cell_000902	1
cell_000903	0
cell_000904	0
cell_000905	0
cell_000906	2
cell_000907	0
cell_000908	2
cell_000909	1
cell_000910	1
cell_000911	1
cell_000912	1
cell_000913	0
cell_000914	2
cell_000915	1
cell_000916	2
cell_000917	0
cell_000918	0
cell_000919	0
cell_000920	0
cell_000921	0
cell_000922	0
cell_000923	0
cell_000924	4
cell_000925	0
cell_000926	4
cell_000927	0
cell_000928	0
cell_000929	3
cell_000930	0
cell_000931	0
cell_000932	1
cell_000933	2
cell_000934	1
cell_000935	0
cell_000936	3
cell_000937	0
cell_000938	3
cell_000939	3
cell_000940	1
cell_000941	1
cell_000942	4
cell_000943	2
cell_000944	0
cell_000945	0
cell_000946	0
cell_000947	0
cell_000948	1
cell_000949	2
cell_000950	1
cell_000951	0
cell_000952	2
cell_000953	2
cell_000954	0
cell_000955	0
cell_000956	3
cell_000957	0
cell_000958	4
cell_000959	1
cell_000960	0
cell_000961	1
cell_000962	0
cell_000963	0
cell_000964	1
cell_000965	1
cell_000966	0
cell_000967	2
cell_000968	0
cell_000969	0
cell_000970	1
cell_000971	2
cell_000972	1
cell_000973	1
cell_000974	1
cell_000975	0
cell_000976	1
cell_000977	1
cell_000978	2
cell_000979	1
cell_000980	1
cell_000981	5
cell_000982	1
cell_000983	4
cell_000984	2
cell_000985	1
cell_000986	2
cell_000987	8
cell_000988	4
cell_000989	2
cell_000990	1
cell_000991	3
cell_000992	3
cell_000993	1
cell_000994	4
cell_000995	0
cell_000996	0
cell_000997	4
cell_000998	5
cell_000999	3
cell_001000	3
cell_001001	0
cell_001002	3
cell_001003	1
cell_001004	2
cell_001005	0
cell_001006	1
cell_001007	1
cell_001008	0
cell_001009	1
cell_001010	2
cell_001011	1
cell_001012	4
cell_001013	2
cell_001014	2
cell_001015	3
cell_001016	1
cell_001017	1
cell_001018	1
cell_001019	1
cell_001020	3
cell_001021	0
cell_001022	2
cell_001023	0
cell_001024	0
cell_001025	0
cell_001026	1
cell_001027	0
cell_001028	2
cell_001029	0
cell_001030	0
cell_001031	2
cell_001032	1
cell_001033	0
cell_001034	1
cell_001035	0
cell_001036	2
cell_001037	0
cell_001038	0
cell_001039	0
cell_001040	0
cell_001041	1
cell_001042	1
cell_001043	1
cell_001044	1
cell_001045	0
cell_001046	3
cell_001047	1
cell_001048	1
cell_001049	1
cell_001050	0
cell_001051	1
cell_001052	0
cell_001053	0
cell_001054	1
cell_001055	0
cell_001056	0
cell_001057	1
cell_001058	1
cell_001059	0
cell_001060	1
cell_001061	0
cell_001062	1
cell_001063	1
cell_001064	3
cell_001065	1
cell_001066	0
cell_001067	1
cell_001068	1
cell_001069	2
cell_001070	1
cell_001071	1
cell_001072	0
cell_001073	0
cell_001074	0
cell_001075	0
cell_001076	0
cell_001077	0
cell_001078	1
cell_001079	0
cell_001080	0
cell_001081	0
cell_001082	2
cell_001083	2
cell_001084	2
cell_001085	0
cell_001086	1
cell_001087	1
cell_001088	0
cell_001089	2
cell_001090	0
cell_001091	0
cell_001092	2
cell_001093	0
cell_001094	0
cell_001095	0
cell_001096	0
cell_001097	1
cell_001098	0
cell_001099	1
cell_001100	0
cell_001101	1
cell_001102	1
cell_001103	0
cell_001104	0
cell_001105	1
cell_001106	0
cell_001107	0
cell_001108	0
cell_001109	0
cell_001110	2
cell_001111	3
cell_001112	1
cell_001113	1
cell_001114	3
cell_001115	0
cell_001116	0
cell_001117	0
cell_001118	1
cell_001119	1
cell_001120	2
cell_001121	0
cell_001122	0
cell_001123	1
cell_001124	0
cell_001125	0
cell_001126	2
cell_001127	0
cell_001128	2
cell_001129	0
cell_001130	0
cell_001131	1
cell_001132	3
cell_001133	0
cell_001134	1
cell_001135	3
cell_001136	1
cell_001137	0
cell_001138	1
cell_001139	1
cell_001140	1
cell_001141	1
cell_001142	0
cell_001143	2
cell_001144	0
cell_001145	0
cell_001146	1
cell_001147	0
cell_001148	0
cell_001149	1
cell_001150	1
cell_001151	2
cell_001152	0
cell_001153	2
cell_001154	0
cell_001155	1
cell_001156	0
cell_001157	1
cell_001158	1
cell_001159	0
cell_001160	1
cell_001161	2
cell_001162	0
cell_001163	1
cell_001164	1
cell_001165	0
cell_001166	2
cell_001167	0
cell_001168	0
cell_001169	4
cell_001170	1
cell_001171	1
cell_001172	1
cell_001173	0
cell_001174	1
cell_001175	2
cell_001176	4
cell_001177	0
cell_001178	1
cell_001179	1
cell_001180	3
cell_001181	1
cell_001182	0
cell_001183	0
cell_001184	1
cell_001185	1
cell_001186	0
cell_001187	2
cell_001188	0
cell_001189	0
cell_001190	1
cell_001191	2
cell_001192	1
cell_001193	0
cell_001194	0
cell_001195	1
cell_001196	0
cell_001197	0
cell_001198	1
cell_001199	2
cell_001200	2
cell_001201	0
cell_001202	2
cell_001203	0
cell_001204	2
cell_001205	0
cell_001206	2
cell_001207	2
cell_001208	4
cell_001209	1
cell_001210	1
cell_001211	1
cell_001212	1
cell_001213	2
cell_001214	1
cell_001215	3
cell_001216	2
cell_001217	2
cell_001218	6
cell_001219	5
cell_001220	1
cell_001221	2
cell_001222	0
cell_001223	0
cell_001224	1
cell_001225	0
cell_001226	3
cell_001227	2
cell_001228	0
cell_001229	1
cell_001230	1
cell_001231	4
cell_001232	2
cell_001233	6
cell_001234	1
cell_001235	1
cell_001236	1
cell_001237	2
cell_001238	0
cell_001239	4
cell_001240	1
cell_001241	1
cell_001242	0
cell_001243	0
cell_001244	0
cell_001245	0
cell_001246	1
cell_001247	0
cell_001248	2
cell_001249	1
cell_001250	1
cell_001251	0
cell_001252	1
cell_001253	2
cell_001254	0
cell_001255	0
cell_001256	1
cell_001257	1
cell_001258	0
cell_001259	2
cell_001260	0
cell_001261	0
cell_001262	0
cell_001263	0
cell_001264	0
cell_001265	0
cell_001266	0
cell_001267	1
cell_001268	0
cell_001269	0
cell_001270	0
cell_001271	0
cell_001272	1
cell_001273	0
cell_001274	1
cell_001275	0
cell_001276	4
cell_001277	0
cell_001278	0
cell_001279	1
cell_001280	0
cell_001281	0
cell_001282	1
cell_001283	0
cell_001284	1
cell_001285	0
cell_001286	2
cell_001287	1
cell_001288	1
cell_001289	1
cell_001290	1
cell_001291	0
cell_001292	1
cell_001293	0
cell_001294	4
cell_001295	0
cell_001296	2
cell_001297	3
cell_001298	3
cell_001299	2
cell_001300	2
cell_001301	0
cell_001302	2
cell_001303	1
cell_001304	2
cell_001305	6
cell_001306	4
cell_001307	3
cell_001308	0
cell_001309	1
cell_001310	2
cell_001311	0
cell_001312	1
cell_001313	1
cell_001314	2
cell_001315	4
cell_001316	0
cell_001317	2
cell_001318	0
cell_001319	0
cell_001320	2
cell_001321	0
cell_001322	0
cell_001323	0
cell_001324	0
cell_001325	0
cell_001326	0
cell_001327	2
cell_001328	0
cell_001329	1
cell_001330	2
cell_001331	1
cell_001332	2
cell_001333	1
cell_001334	1
cell_001335	1
cell_001336	2
cell_001337	1
cell_001338	1
cell_001339	0
cell_001340	0
cell_001341	0
cell_001342	0
cell_001343	0
cell_001344	3
cell_001345	0
cell_001346	0
cell_001347	0
cell_001348	0
cell_001349	1
cell_001350	1
cell_001351	1
cell_001352	1
cell_001353	1
cell_001354	0
cell_001355	2
cell_001356	0
cell_001357	0
cell_001358	3
cell_001359	0
cell_001360	2
cell_001361	1
cell_001362	1
cell_001363	1
cell_001364	1
cell_001365	2
cell_001366	2
cell_001367	2
cell_001368	0
cell_001369	0
cell_001370	0
cell_001371	0
cell_001372	0
cell_001373	1
cell_001374	4
cell_001375	0
cell_001376	0
cell_001377	2
cell_001378	0
cell_001379	0
cell_001380	0
cell_001381	0
cell_001382	0
cell_001383	1
cell_001384	3
cell_001385	3
cell_001386	2
cell_001387	1
cell_001388	1
cell_001389	2
cell_001390	1
cell_001391	1
cell_001392	0
cell_001393	1
cell_001394	1
cell_001395	1
cell_001396	0
cell_001397	2
cell_001398	2
cell_001399	4
cell_001400	3
cell_001401	0
cell_001402	1
cell_001403	0
cell_001404	0
cell_001405	0
cell_001406	3
cell_001407	0
cell_001408	0
cell_001409	0
cell_001410	0
cell_001411	1
cell_001412	0
cell_001413	0
cell_001414	2
cell_001415	1
cell_001416	1
cell_001417	1
cell_001418	0
cell_001419	2
cell_001420	0
cell_001421	0
cell_001422	3
cell_001423	2
cell_001424	1
cell_001425	1
cell_001426	1
cell_001427	0
cell_001428	1
cell_001429	0
cell_001430	0
cell_001431	2
cell_001432	0
cell_001433	1
cell_001434	0
cell_001435	0
cell_001436	1
cell_001437	1
cell_001438	0
cell_001439	0
cell_001440	1
cell_001441	0
cell_001442	0
cell_001443	0
cell_001444	0
cell_001445	0
cell_001446	0
cell_001447	0
cell_001448	0
cell_001449	3
cell_001450	0
cell_001451	0
cell_001452	2
cell_001453	0
cell_001454	0
cell_001455	0
cell_001456	0
cell_001457	0
cell_001458	0
cell_001459	0
cell_001460	4
cell_001461	1
cell_001462	1
cell_001463	1
cell_001464	0
cell_001465	0
cell_001466	0
cell_001467	0
cell_001468	3
cell_001469	0
cell_001470	1
cell_001471	1
cell_001472	2
cell_001473	0
cell_001474	2
cell_001475	1
cell_001476	0
cell_001477	0
cell_001478	2
cell_001479	0
cell_001480	0
cell_001481	2
cell_001482	0
cell_001483	2
cell_001484	3
cell_001485	1
cell_001486	1
cell_001487	1
cell_001488	2
cell_001489	1
cell_001490	1
cell_001491	1
cell_001492	1
cell_001493	2
cell_001494	0
cell_001495	2
cell_001496	1
cell_001497	2
cell_001498	1
cell_001499	0
cell_001500	1
cell_001501	0
cell_001502	1
cell_001503	3
cell_001504	0
cell_001505	0
cell_001506	1
cell_001507	0
cell_001508	0
cell_001509	0
cell_001510	1
cell_001511	0
cell_001512	2
cell_001513	1
cell_001514	2
cell_001515	0
cell_001516	0
cell_001517	1
cell_001518	1
cell_001519	1
cell_001520	0
cell_001521	0
cell_001522	1
cell_001523	2
cell_001524	1
cell_001525	2
cell_001526	1
cell_001527	0
cell_001528	2
cell_001529	1
cell_001530	0
cell_001531	0
cell_001532	0
cell_001533	0
cell_001534	0
cell_001535	0
cell_001536	1
cell_001537	0
cell_001538	0
cell_001539	2
cell_001540	0
cell_001541	0
cell_001542	0
cell_001543	0
cell_001544	1
cell_001545	1
cell_001546	1
cell_001547	0
cell_001548	0
cell_001549	1
cell_001550	0
cell_001551	2
cell_001552	0
cell_001553	1
cell_001554	0
cell_001555	1
cell_001556	1
cell_001557	2
cell_001558	0
cell_001559	0
cell_001560	0
cell_001561	0
cell_001562	1
cell_001563	0
cell_001564	1
cell_001565	0
cell_001566	1
cell_001567	2
cell_001568	0
cell_001569	0
cell_001570	0
cell_001571	0
cell_001572	0
cell_001573	0
cell_001574	2
cell_001575	0
cell_001576	0
cell_001577	0
cell_001578	1
cell_001579	0
cell_001580	0
cell_001581	0
cell_001582	0
cell_001583	0
cell_001584	0
cell_001585	3
cell_001586	1
cell_001587	0
cell_001588	1
cell_001589	0
cell_001590	1
cell_001591	0
cell_001592	0
cell_001593	1
cell_001594	2
cell_001595	0
cell_001596	4
cell_001597	0
cell_001598	0
cell_001599	0
cell_001600	2
cell_001601	1
cell_001602	1
cell_001603	3
cell_001604	0
cell_001605	1
cell_001606	3
cell_001607	4
cell_001608	1
cell_001609	0
cell_001610	1
cell_001611	3
cell_001612	1
cell_001613	2
cell_001614	1
cell_001615	2
cell_001616	1
cell_001617	6
cell_001618	4
cell_001619	0
cell_001620	0
cell_001621	4
cell_001622	3
cell_001623	3
cell_001624	0
cell_001625	1
cell_001626	0
cell_001627	0
cell_001628	2
cell_001629	0
cell_001630	1
cell_001631	3
cell_001632	0
cell_001633	4
cell_001634	0
cell_001635	2
cell_001636	3
cell_001637	1
cell_001638	1
cell_001639	0
cell_001640	0
cell_001641	0
cell_001642	0
cell_001643	4
cell_001644	0
cell_001645	1
cell_001646	0
cell_001647	0
cell_001648	0
cell_001649	1
cell_001650	0
cell_001651	0
cell_001652	0
cell_001653	0
cell_001654	0
cell_001655	1
cell_001656	1
cell_001657	0
cell_001658	0
cell_001659	1
cell_001660	4
cell_001661	1
cell_001662	0
cell_001663	0
cell_001664	0
cell_001665	1
cell_001666	0
cell_001667	1
cell_001668	1
cell_001669	0
cell_001670	0
cell_001671	1
cell_001672	2
cell_001673	0
cell_001674	0
cell_001675	0
cell_001676	0
cell_001677	0
cell_001678	0
cell_001679	0
cell_001680	0
cell_001681	0
cell_001682	0
cell_001683	1
cell_001684	0
cell_001685	0
cell_001686	1
cell_001687	0
cell_001688	1
cell_001689	1
cell_001690	1
cell_001691	0
cell_001692	0
cell_001693	2
cell_001694	5
cell_001695	3
cell_001696	1
cell_001697	2
cell_001698	5
cell_001699	4
cell_001700	3
cell_001701	0
cell_001702	0
cell_001703	0
cell_001704	1
cell_001705	1
cell_001706	2
cell_001707	6
cell_001708	3
cell_001709	0
cell_001710	1
cell_001711	1
cell_001712	3
cell_001713	0
cell_001714	3
cell_001715	4
cell_001716	1
cell_001717	8
cell_001718	1
cell_001719	2
cell_001720	0
cell_001721	1
cell_001722	3
cell_001723	0
cell_001724	0
cell_001725	0
cell_001726	2
cell_001727	2
cell_001728	7
cell_001729	4
cell_001730	1
cell_001731	3
cell_001732	2
cell_001733	2
cell_001734	3
cell_001735	6
cell_001736	2
cell_001737	7
cell_001738	3
cell_001739	1
cell_001740	3
cell_001741	4
cell_001742	0
cell_001743	2
cell_001744	5
cell_001745	5
cell_001746	0
cell_001747	1
cell_001748	1
cell_001749	2
cell_001750	0
cell_001751	2
cell_001752	2
cell_001753	0
cell_001754	1
cell_001755	0
cell_001756	0
cell_001757	3
cell_001758	1
cell_001759	1
cell_001760	4
cell_001761	2
cell_001762	3
cell_001763	1
cell_001764	1
cell_001765	0
cell_001766	2
cell_001767	1
cell_001768	1
cell_001769	1
cell_001770	1
cell_001771	2
cell_001772	3
cell_001773	3
cell_001774	6
cell_001775	4
cell_001776	3
cell_001777	1
cell_001778	1
cell_001779	0
cell_001780	1
cell_001781	0
cell_001782	0
cell_001783	0
cell_001784	2
cell_001785	0
cell_001786	0
cell_001787	2
cell_001788	1
cell_001789	0
cell_001790	1
cell_001791	1
cell_001792	2
cell_001793	0
cell_001794	0
cell_001795	0
cell_001796	0
cell_001797	0
cell_001798	1
cell_001799	0
cell_001800	2
cell_001801	0
cell_001802	1
cell_001803	0
cell_001804	1
cell_001805	1
cell_001806	1
cell_001807	0
cell_001808	1
cell_001809	1
cell_001810	3
cell_001811	1
cell_001812	0
cell_001813	2
cell_001814	1
cell_001815	2
cell_001816	2
cell_001817	0
cell_001818	0
cell_001819	0
cell_001820	1
cell_001821	0
cell_001822	0
cell_001823	4
cell_001824	1
cell_001825	3
cell_001826	2
cell_001827	0
cell_001828	3
cell_001829	0
cell_001830	2
cell_001831	2
cell_001832	5
cell_001833	1
cell_001834	1
cell_001835	0
cell_001836	1
cell_001837	1
cell_001838	1
cell_001839	1
cell_001840	3
cell_001841	0
cell_001842	1
cell_001843	0
cell_001844	2
cell_001845	2
cell_001846	1
cell_001847	0
cell_001848	1
cell_001849	1
cell_001850	2
cell_001851	2
cell_001852	4
cell_001853	2
cell_001854	2
cell_001855	2
cell_001856	0
cell_001857	0
cell_001858	4
cell_001859	1
cell_001860	2
cell_001861	0
cell_001862	2
cell_001863	2
cell_001864	3
cell_001865	1
cell_001866	2
cell_001867	0
cell_001868	3
cell_001869	4
cell_001870	1
cell_001871	1
cell_001872	0
cell_001873	2
cell_001874	2
cell_001875	1
cell_001876	2
cell_001877	2
cell_001878	1
cell_001879	3
cell_001880	6
cell_001881	0
cell_001882	3
cell_001883	7
cell_001884	2
cell_001885	5
cell_001886	2
cell_001887	2
cell_001888	2
cell_001889	3
cell_001890	3
cell_001891	0
cell_001892	2
cell_001893	0
cell_001894	2
cell_001895	1
cell_001896	6
cell_001897	0
cell_001898	3
cell_001899	1
cell_001900	3
cell_001901	1
cell_001902	8
cell_001903	2
cell_001904	1
cell_001905	1
cell_001906	2
cell_001907	0
cell_001908	0
cell_001909	7
cell_001910	3
cell_001911	2
cell_001912	2
cell_001913	6
cell_001914	6
cell_001915	4
cell_001916	2
cell_001917	0
cell_001918	4
cell_001919	6
cell_001920	0
cell_001921	5
cell_001922	0
cell_001923	2
cell_001924	0
cell_001925	2
cell_001926	2
cell_001927	1
cell_001928	4
cell_001929	0
cell_001930	2
cell_001931	0
cell_001932	2
cell_001933	0
cell_001934	0
cell_001935	2
cell_001936	0
cell_001937	3
cell_001938	2
cell_001939	1
cell_001940	1
cell_001941	3
cell_001942	2
cell_001943	0
cell_001944	3
cell_001945	1
cell_001946	0
cell_001947	1
cell_001948	1
cell_001949	0
cell_001950	2
cell_001951	0
cell_001952	3
cell_001953	1
cell_001954	1
cell_001955	1
cell_001956	0
cell_001957	1
cell_001958	2
cell_001959	2
cell_001960	0
cell_001961	0
cell_001962	0
cell_001963	0
cell_001964	1
cell_001965	2
cell_001966	0
cell_001967	0
cell_001968	1
cell_001969	2
cell_001970	0
cell_001971	0
cell_001972	4
cell_001973	0
cell_001974	0
cell_001975	0
cell_001976	0
cell_001977	0
cell_001978	0
cell_001979	0
cell_001980	0
cell_001981	2
cell_001982	0
cell_001983	0
cell_001984	0
cell_001985	0
cell_001986	0
cell_001987	0
cell_001988	1
cell_001989	1
cell_001990	1
cell_001991	0
cell_001992	0
cell_001993	0
cell_001994	0
cell_001995	0
cell_001996	0
cell_001997	0
cell_001998	2
cell_001999	0
cell_002000	0
cell_002001	0
cell_002002	0
cell_002003	0
cell_002004	1
cell_002005	0
cell_002006	0
cell_002007	0
cell_002008	0
cell_002009	0
cell_002010	1
cell_002011	0
cell_002012	1
cell_002013	0
cell_002014	0
cell_002015	0
cell_002016	0
cell_002017	0
cell_002018	1
cell_002019	0
cell_002020	4
cell_002021	3
cell_002022	0
cell_002023	0
cell_002024	1
cell_002025	0
cell_002026	0
cell_002027	0
cell_002028	2
cell_002029	0
cell_002030	0
cell_002031	0
cell_002032	0
cell_002033	4
cell_002034	2
cell_002035	1
cell_002036	0
cell_002037	0
cell_002038	0
cell_002039	1
cell_002040	2
cell_002041	4
cell_002042	2
cell_002043	1
cell_002044	2
cell_002045	2
cell_002046	2
cell_002047	0
cell_002048	3
cell_002049	0
cell_002050	2
cell_002051	1
cell_002052	1
cell_002053	0
cell_002054	3
cell_002055	2
cell_002056	0
cell_002057	0
cell_002058	1
cell_002059	0
cell_002060	2
cell_002061	1
cell_002062	0
cell_002063	1
cell_002064	3
cell_002065	0
cell_002066	2
cell_002067	0
cell_002068	3
cell_002069	4
cell_002070	4
cell_002071	3
cell_002072	1
cell_002073	1
cell_002074	3
cell_002075	2
cell_002076	4
cell_002077	0
cell_002078	1
cell_002079	1
cell_002080	1
cell_002081	1
cell_002082	0
cell_002083	3
cell_002084	0
cell_002085	0
cell_002086	0
cell_002087	0
cell_002088	4
cell_002089	2
cell_002090	2
cell_002091	0
cell_002092	1
cell_002093	0
cell_002094	0
cell_002095	1
cell_002096	0
cell_002097	0
cell_002098	2
cell_002099	0
cell_002100	0
cell_002101	0
cell_002102	4
cell_002103	2
cell_002104	1
cell_002105	1
cell_002106	0
cell_002107	0
cell_002108	4
cell_002109	4
cell_002110	0
cell_002111	0
cell_002112	2
cell_002113	1
cell_002114	2
cell_002115	0
cell_002116	1
cell_002117	4
cell_002118	0
cell_002119	2
cell_002120	1
cell_002121	1
cell_002122	0
cell_002123	0
cell_002124	2
cell_002125	2
cell_002126	1
cell_002127	2
cell_002128	1
cell_002129	2
cell_002130	0
cell_002131	1
cell_002132	2
cell_002133	0
cell_002134	2
cell_002135	2
cell_002136	0
cell_002137	7
cell_002138	1
cell_002139	2
cell_002140	0
cell_002141	4
cell_002142	1
cell_002143	0
cell_002144	1
cell_002145	2
cell_002146	0
cell_002147	1
cell_002148	0
cell_002149	1
cell_002150	0
cell_002151	2
cell_002152	5
cell_002153	4
cell_002154	2
cell_002155	2
cell_002156	5
cell_002157	2
cell_002158	1
cell_002159	2
cell_002160	0
cell_002161	1
cell_002162	5
cell_002163	3
cell_002164	3
cell_002165	3
cell_002166	2
cell_002167	3
cell_002168	2
cell_002169	1
cell_002170	3
cell_002171	0
cell_002172	3
cell_002173	4
cell_002174	0
cell_002175	0
cell_002176	0
cell_002177	0
cell_002178	1
cell_002179	0
cell_002180	0
cell_002181	0
cell_002182	0
cell_002183	0
cell_002184	3
cell_002185	3
cell_002186	0
cell_002187	2
cell_002188	0
cell_002189	1
cell_002190	1
cell_002191	1
cell_002192	0
cell_002193	0
cell_002194	1
cell_002195	0
cell_002196	1
cell_002197	0
cell_002198	2
cell_002199	1
cell_002200	0
cell_002201	4
cell_002202	0
cell_002203	0
cell_002204	1
cell_002205	5
cell_002206	0
cell_002207	0
cell_002208	1
cell_002209	0
cell_002210	3
cell_002211	0
cell_002212	4
cell_002213	0
cell_002214	6
cell_002215	3
cell_002216	2
cell_002217	1
cell_002218	1
cell_002219	2
cell_002220	2
cell_002221	1
cell_002222	1
cell_002223	1
cell_002224	5
cell_002225	0
cell_002226	1
cell_002227	2
cell_002228	0
cell_002229	1
cell_002230	3
cell_002231	3
cell_002232	1
cell_002233	0
cell_002234	0
cell_002235	1
cell_002236	1
cell_002237	1
cell_002238	3
cell_002239	1
cell_002240	0
cell_002241	0
cell_002242	1
cell_002243	3
cell_002244	4
cell_002245	1
cell_002246	0
cell_002247	2
cell_002248	0
cell_002249	1
cell_002250	1
cell_002251	1
cell_002252	1
cell_002253	0
cell_002254	0
cell_002255	2
cell_002256	2
cell_002257	1
cell_002258	0
cell_002259	1
cell_002260	2
cell_002261	0
cell_002262	2
cell_002263	0
cell_002264	5
cell_002265	3
cell_002266	2
cell_002267	2
cell_002268	2
cell_002269	6
cell_002270	1
cell_002271	0
cell_002272	3
cell_002273	2
cell_002274	1
cell_002275	1
cell_002276	4
cell_002277	5
cell_002278	2
cell_002279	1
cell_002280	3
cell_002281	4
cell_002282	1
cell_002283	0
cell_002284	1
cell_002285	4
cell_002286	1
cell_002287	1
cell_002288	2
cell_002289	1
cell_002290	0
cell_002291	0
cell_002292	0
cell_002293	1
cell_002294	1
cell_002295	0
cell_002296	0
cell_002297	0
cell_002298	1
cell_002299	0
cell_002300	1
cell_002301	2
cell_002302	0
cell_002303	1
cell_002304	0
cell_002305	1
cell_002306	1
cell_002307	0
cell_002308	0
cell_002309	0
cell_002310	1
cell_002311	0
cell_002312	0
cell_002313	0
cell_002314	4
cell_002315	0
cell_002316	0
cell_002317	0
cell_002318	0
cell_002319	0
cell_002320	1
cell_002321	2
cell_002322	0
cell_002323	0
cell_002324	0
cell_002325	0
cell_002326	1
cell_002327	1
cell_002328	0
cell_002329	2
cell_002330	0
cell_002331	0
cell_002332	1
cell_002333	0
cell_002334	1
cell_002335	3
cell_002336	0
cell_002337	0
cell_002338	1
cell_002339	0
cell_002340	0
cell_002341	0
cell_002342	0
cell_002343	1
cell_002344	0
cell_002345	0
cell_002346	0
cell_002347	2
cell_002348	1
cell_002349	1
cell_002350	1
cell_002351	0
cell_002352	0
cell_002353	4
cell_002354	1
cell_002355	0
cell_002356	1
cell_002357	1
cell_002358	0
cell_002359	2
cell_002360	3
cell_002361	2
cell_002362	2
cell_002363	0
cell_002364	0
cell_002365	0
cell_002366	0
cell_002367	2
cell_002368	0
cell_002369	0
cell_002370	0
cell_002371	1
cell_002372	1
cell_002373	1
cell_002374	0
cell_002375	0
cell_002376	1
cell_002377	1
cell_002378	0
cell_002379	2
cell_002380	2
cell_002381	1
cell_002382	1
cell_002383	0
cell_002384	0
cell_002385	0
cell_002386	1
cell_002387	0
cell_002388	0
cell_002389	0
cell_002390	1
cell_002391	2
cell_002392	1
cell_002393	2
cell_002394	0
cell_002395	0
cell_002396	0
cell_002397	0
cell_002398	1
cell_002399	1
cell_002400	0
cell_002401	2
cell_002402	3
cell_002403	0
cell_002404	2
cell_002405	4
cell_002406	1
cell_002407	0
cell_002408	0
cell_002409	1
cell_002410	4
cell_002411	0
cell_002412	1
cell_002413	2
cell_002414	0
cell_002415	4
cell_002416	1
cell_002417	2
cell_002418	1
cell_002419	0
cell_002420	3
cell_002421	2
cell_002422	0
cell_002423	4
cell_002424	6
cell_002425	0
cell_002426	1
cell_002427	0
cell_002428	1
cell_002429	2
cell_002430	1
cell_002431	1
cell_002432	1
cell_002433	0
cell_002434	2
cell_002435	1
cell_002436	2
cell_002437	0
cell_002438	0
cell_002439	0
cell_002440	1
cell_002441	1
cell_002442	1
cell_002443	0
cell_002444	1
cell_002445	1
cell_002446	0
cell_002447	1
cell_002448	0
cell_002449	0
cell_002450	0
cell_002451	3
cell_002452	0
cell_002453	1
cell_002454	0
cell_002455	4
cell_002456	2
cell_002457	0
cell_002458	1
cell_002459	0
cell_002460	0
cell_002461	2
cell_002462	0
cell_002463	0
cell_002464	2
cell_002465	5
cell_002466	2
cell_002467	1
cell_002468	1
cell_002469	2
cell_002470	0
cell_002471	3
cell_002472	0
cell_002473	2
cell_002474	1
cell_002475	1
cell_002476	0
cell_002477	0
cell_002478	0
cell_002479	1
cell_002480	0
cell_002481	3
cell_002482	0
cell_002483	0
cell_002484	1
cell_002485	0
cell_002486	1
cell_002487	0
cell_002488	0
cell_002489	0
cell_002490	0
cell_002491	0
cell_002492	1
cell_002493	0
cell_002494	0
cell_002495	0
cell_002496	0
cell_002497	0
cell_002498	0
cell_002499	1
cell_002500	0
cell_002501	0
cell_002502	0
cell_002503	0
cell_002504	0
cell_002505	0
cell_002506	0
cell_002507	0
cell_002508	0
cell_002509	1
cell_002510	1
cell_002511	0
cell_002512	0
cell_002513	1
cell_002514	0
cell_002515	0
cell_002516	0
cell_002517	1
cell_002518	0
cell_002519	0
cell_002520	1
cell_002521	3
cell_002522	0
cell_002523	2
cell_002524	0
cell_002525	0
cell_002526	0
cell_002527	0
cell_002528	1
cell_002529	0
cell_002530	1
cell_002531	1
cell_002532	1
cell_002533	0
cell_002534	0
cell_002535	0
cell_002536	1
cell_002537	0
cell_002538	0
cell_002539	1
cell_002540	0
cell_002541	1
cell_002542	1
cell_002543	0
cell_002544	1
cell_002545	2
cell_002546	0
cell_002547	0
cell_002548	1
cell_002549	0
cell_002550	0
cell_002551	0
cell_002552	0
cell_002553	2
cell_002554	0
cell_002555	0
cell_002556	1
cell_002557	0
cell_002558	1
cell_002559	0
cell_002560	0
cell_002561	0
cell_002562	1
cell_002563	3
cell_002564	1
cell_002565	3
cell_002566	1
cell_002567	1
cell_002568	1
cell_002569	0
cell_002570	0
cell_002571	2
cell_002572	1
cell_002573	1
cell_002574	0
cell_002575	1
cell_002576	1
cell_002577	0
cell_002578	1
cell_002579	2
cell_002580	2
cell_002581	1
cell_002582	2
cell_002583	3
cell_002584	1
cell_002585	1
cell_002586	1
cell_002587	1
cell_002588	0
cell_002589	0
cell_002590	0
cell_002591	2
cell_002592	0
cell_002593	0
cell_002594	1
cell_002595	0
cell_002596	3
cell_002597	2
cell_002598	2
cell_002599	0
cell_002600	1
cell_002601	2
cell_002602	0
cell_002603	0
cell_002604	1
cell_002605	0
cell_002606	0
cell_002607	4
cell_002608	0
cell_002609	1
cell_002610	0
cell_002611	2
cell_002612	0
cell_002613	0
cell_002614	0
cell_002615	1
cell_002616	2
cell_002617	1
cell_002618	2
cell_002619	3
cell_002620	2
cell_002621	3
cell_002622	3
cell_002623	1
cell_002624	1
cell_002625	0
cell_002626	3
cell_002627	1
cell_002628	0
cell_002629	1
cell_002630	1
cell_002631	1
cell_002632	1
cell_002633	2
cell_002634	1
cell_002635	1
cell_002636	1
cell_002637	1
cell_002638	0
cell_002639	0
cell_002640	1
cell_002641	1
cell_002642	0
cell_002643	2
cell_002644	3
cell_002645	0
cell_002646	3
cell_002647	2
cell_002648	1
cell_002649	1
cell_002650	1
cell_002651	0
cell_002652	1
cell_002653	0
cell_002654	0
cell_002655	0
cell_002656	0
cell_002657	0
cell_002658	0
cell_002659	0
cell_002660	0
cell_002661	0
cell_002662	0
cell_002663	0
cell_002664	0
cell_002665	0
cell_002666	1
cell_002667	1
cell_002668	0
cell_002669	0
cell_002670	0
cell_002671	0
cell_002672	1
cell_002673	0
cell_002674	0
cell_002675	0
cell_002676	1
cell_002677	0
cell_002678	1
cell_002679	0
cell_002680	0
cell_002681	0
cell_002682	0
cell_002683	0
cell_002684	1
cell_002685	0
cell_002686	0
cell_002687	1
cell_002688	1
cell_002689	0
cell_002690	0
cell_002691	0
cell_002692	0
cell_002693	0
cell_002694	0
cell_002695	1
cell_002696	0
cell_002697	1
cell_002698	2
cell_002699	0
cell_002700	0
cell_002701	0
cell_002702	1
cell_002703	2
cell_002704	1
cell_002705	0
cell_002706	1
cell_002707	0
cell_002708	0
cell_002709	0
cell_002710	0
cell_002711	0
cell_002712	0
cell_002713	0
cell_002714	0
cell_002715	0
cell_002716	0
cell_002717	3
cell_002718	1
cell_002719	1
cell_002720	0
cell_002721	0
cell_002722	0
cell_002723	1
cell_002724	1
cell_002725	0
cell_002726	0
cell_002727	0
cell_002728	1
cell_002729	1
cell_002730	0
cell_002731	1
cell_002732	1
cell_002733	1
cell_002734	0
cell_002735	3
cell_002736	0
cell_002737	0
cell_002738	0
cell_002739	0
cell_002740	1
cell_002741	1
cell_002742	0
cell_002743	2
cell_002744	0
cell_002745	2
cell_002746	1
cell_002747	2
cell_002748	0
cell_002749	0
cell_002750	2
cell_002751	0
cell_002752	1
cell_002753	0
cell_002754	0
cell_002755	0
cell_002756	0
cell_002757	0
cell_002758	1
cell_002759	1
cell_002760	1
cell_002761	0
cell_002762	0
cell_002763	0
cell_002764	0
cell_002765	0
cell_002766	0
cell_002767	0
cell_002768	1
cell_002769	0
cell_002770	1
cell_002771	0
cell_002772	0
cell_002773	1
cell_002774	1
cell_002775	0
cell_002776	1
cell_002777	2
cell_002778	0
cell_002779	0
cell_002780	1
cell_002781	0
cell_002782	0
cell_002783	3
cell_002784	2
cell_002785	0
cell_002786	0
cell_002787	1
cell_002788	1
cell_002789	1
cell_002790	1
cell_002791	1
cell_002792	4
cell_002793	0
cell_002794	0
cell_002795	1
cell_002796	1
cell_002797	0
cell_002798	1
cell_002799	1
cell_002800	3
cell_002801	0
cell_002802	0
cell_002803	0
cell_002804	1
cell_002805	0
cell_002806	0
cell_002807	1
cell_002808	0
cell_002809	0
cell_002810	0
cell_002811	2
cell_002812	0
cell_002813	0
cell_002814	1
cell_002815	2
cell_002816	1
cell_002817	1
cell_002818	1
cell_002819	1
cell_002820	4
cell_002821	0
cell_002822	1
cell_002823	2
cell_002824	0
cell_002825	1
cell_002826	0
cell_002827	0
cell_002828	0
cell_002829	0
cell_002830	0
cell_002831	1
cell_002832	4
cell_002833	2
cell_002834	1
cell_002835	1
cell_002836	0
cell_002837	0
cell_002838	2
cell_002839	1
cell_002840	1
cell_002841	0
cell_002842	1
cell_002843	3
cell_002844	0
cell_002845	0
cell_002846	1
cell_002847	2
cell_002848	0
cell_002849	0
cell_002850	1
cell_002851	6
cell_002852	0
cell_002853	1
cell_002854	1
cell_002855	0
cell_002856	0
cell_002857	0
cell_002858	3
cell_002859	1
cell_002860	1
cell_002861	0
cell_002862	5
cell_002863	1
cell_002864	2
cell_002865	0
cell_002866	2
cell_002867	0
cell_002868	1
cell_002869	1
cell_002870	0
cell_002871	2
cell_002872	0
cell_002873	3
cell_002874	2
cell_002875	1
cell_002876	0
cell_002877	2
cell_002878	2
cell_002879	0
cell_002880	1
cell_002881	0
cell_002882	2
cell_002883	1
cell_002884	2
cell_002885	2
cell_002886	0
cell_002887	0
cell_002888	1
cell_002889	0
cell_002890	1
cell_002891	0
cell_002892	1
cell_002893	0
cell_002894	0
cell_002895	0
cell_002896	0
cell_002897	0
cell_002898	0
cell_002899	1
cell_002900	0
cell_002901	0
cell_002902	0
cell_002903	1
cell_002904	1
cell_002905	0
cell_002906	1
cell_002907	1
cell_002908	1
cell_002909	0
cell_002910	0
cell_002911	1
cell_002912	0
cell_002913	0
cell_002914	0
cell_002915	1
cell_002916	0
cell_002917	1
cell_002918	1
cell_002919	1
cell_002920	0
cell_002921	0
cell_002922	1
cell_002923	0
cell_002924	0
cell_002925	1
cell_002926	0
cell_002927	0
cell_002928	1
cell_002929	1
cell_002930	0
cell_002931	1
cell_002932	0
cell_002933	0
cell_002934	1
cell_002935	0
cell_002936	2
cell_002937	0
cell_002938	0
cell_002939	1
cell_002940	1
cell_002941	0
cell_002942	2
cell_002943	1
cell_002944	0
cell_002945	0
cell_002946	0
cell_002947	1
cell_002948	0
cell_002949	2
cell_002950	0
cell_002951	1
cell_002952	1
cell_002953	0
cell_002954	2
cell_002955	0
cell_002956	0
cell_002957	1
cell_002958	0
cell_002959	0
cell_002960	0
cell_002961	0
cell_002962	0
cell_002963	1
cell_002964	1
cell_002965	0
cell_002966	0
cell_002967	3
cell_002968	1
cell_002969	0
cell_002970	0
cell_002971	0
cell_002972	0
cell_002973	0
cell_002974	0
cell_002975	2
cell_002976	5
cell_002977	0
cell_002978	0
cell_002979	0
cell_002980	1
cell_002981	1
cell_002982	0
cell_002983	0
cell_002984	2
cell_002985	2
cell_002986	1
cell_002987	0
cell_002988	0
cell_002989	0
cell_002990	0
cell_002991	0
cell_002992	0
cell_002993	1
cell_002994	3
cell_002995	3
cell_002996	1
cell_002997	0
cell_002998	0
cell_002999	0
cell_003000	0
cell_003001	0
cell_003002	0
cell_003003	0
cell_003004	2
cell_003005	1
cell_003006	2
cell_003007	0
cell_003008	0
cell_003009	0
cell_003010	1
cell_003011	0
cell_003012	2
cell_003013	0
cell_003014	4
cell_003015	0
cell_003016	0
cell_003017	2
cell_003018	0
cell_003019	3
cell_003020	2
cell_003021	2
cell_003022	1
cell_003023	2
cell_003024	2
cell_003025	3
cell_003026	0
cell_003027	1
cell_003028	0
cell_003029	0
cell_003030	0
cell_003031	1
cell_003032	1
cell_003033	0
cell_003034	0
cell_003035	1
cell_003036	2
cell_003037	2
cell_003038	0
cell_003039	0
cell_003040	1
cell_003041	2
cell_003042	2
cell_003043	0
cell_003044	1
cell_003045	0
cell_003046	1
cell_003047	0
cell_003048	2
cell_003049	0
cell_003050	3
cell_003051	0
cell_003052	0
cell_003053	0
cell_003054	1
cell_003055	0
cell_003056	1
cell_003057	2
cell_003058	1
cell_003059	3
cell_003060	2
cell_003061	3
cell_003062	0
cell_003063	0
cell_003064	1
cell_003065	0
cell_003066	1
cell_003067	2
cell_003068	0
cell_003069	1
cell_003070	1
cell_003071	0
cell_003072	0
cell_003073	1
cell_003074	0
cell_003075	2
cell_003076	0
cell_003077	0
cell_003078	0
cell_003079	0
cell_003080	1
cell_003081	1
cell_003082	3
cell_003083	1
cell_003084	1
cell_003085	0
cell_003086	2
cell_003087	0
cell_003088	3
cell_003089	3
cell_003090	2
cell_003091	0
cell_003092	4
cell_003093	0
cell_003094	0
cell_003095	1
cell_003096	1
cell_003097	0
cell_003098	2
cell_003099	1
cell_003100	1
cell_003101	0
cell_003102	0
cell_003103	0
cell_003104	2
cell_003105	1
cell_003106	0
cell_003107	0
cell_003108	0
cell_003109	0
cell_003110	0
cell_003111	0
cell_003112	1
cell_003113	1
cell_003114	2
cell_003115	0
cell_003116	0
cell_003117	2
cell_003118	0
cell_003119	0
cell_003120	0
cell_003121	0
cell_003122	0
cell_003123	1
cell_003124	1
cell_003125	1
cell_003126	1
cell_003127	2
cell_003128	0
cell_003129	0
cell_003130	0
cell_003131	0
cell_003132	0
cell_003133	0
cell_003134	0
cell_003135	1
cell_003136	1
cell_003137	0
cell_003138	0
cell_003139	0
cell_003140	1
cell_003141	1
cell_003142	1
cell_003143	2
cell_003144	0
cell_003145	0
cell_003146	0
cell_003147	2
cell_003148	0
cell_003149	1
cell_003150	0
cell_003151	1
cell_003152	0
cell_003153	0
cell_003154	0
cell_003155	2
cell_003156	0
cell_003157	0
cell_003158	0
cell_003159	0
cell_003160	0
cell_003161	0
cell_003162	1
cell_003163	0
cell_003164	0
cell_003165	2
cell_003166	0
cell_003167	0
cell_003168	0
cell_003169	2
cell_003170	0
cell_003171	1
cell_003172	2
cell_003173	0
cell_003174	2
cell_003175	1
cell_003176	4
cell_003177	1
cell_003178	1
cell_003179	1
cell_003180	2
cell_003181	3
cell_003182	0
cell_003183	1
cell_003184	0
cell_003185	1
cell_003186	0
cell_003187	2
cell_003188	2
cell_003189	0
cell_003190	1
cell_003191	1
cell_003192	1
cell_003193	1
cell_003194	1
cell_003195	5
cell_003196	2
cell_003197	1
cell_003198	2
cell_003199	3
cell_003200	1
cell_003201	2
cell_003202	0
cell_003203	0
cell_003204	1
cell_003205	1
cell_003206	3
cell_003207	0
cell_003208	1
cell_003209	1
cell_003210	0
cell_003211	1
cell_003212	0
cell_003213	0
cell_003214	0
cell_003215	0
cell_003216	0
cell_003217	1
cell_003218	0
cell_003219	0
cell_003220	0
cell_003221	0
cell_003222	1
cell_003223	1
cell_003224	0
cell_003225	1
cell_003226	0
cell_003227	0
cell_003228	2
cell_003229	1
cell_003230	0
cell_003231	2
cell_003232	3
cell_003233	0
cell_003234	1
cell_003235	0
cell_003236	1
cell_003237	2
cell_003238	1
cell_003239	0
cell_003240	1
cell_003241	4
cell_003242	1
cell_003243	2
cell_003244	0
cell_003245	2
cell_003246	0
cell_003247	0
cell_003248	0
cell_003249	0
cell_003250	0
cell_003251	0
cell_003252	0
cell_003253	0
cell_003254	1
cell_003255	0
cell_003256	0
cell_003257	2
cell_003258	0
cell_003259	1
cell_003260	0
cell_003261	0
cell_003262	0
cell_003263	0
cell_003264	0
cell_003265	5
cell_003266	0
cell_003267	0
cell_003268	0
cell_003269	0
cell_003270	0
cell_003271	1
cell_003272	0
cell_003273	0
cell_003274	1
cell_003275	0
cell_003276	0
cell_003277	0
cell_003278	0
cell_003279	0
cell_003280	0
cell_003281	1
cell_003282	0
cell_003283	2
cell_003284	0
cell_003285	0
cell_003286	0
cell_003287	0
cell_003288	0
cell_003289	1
cell_003290	1
cell_003291	1
cell_003292	1
cell_003293	4
cell_003294	0
cell_003295	0
cell_003296	1
cell_003297	0
cell_003298	0
cell_003299	1
cell_003300	0
cell_003301	1
cell_003302	1
cell_003303	0
cell_003304	2
cell_003305	0
cell_003306	0
cell_003307	0
cell_003308	1
cell_003309	0
cell_003310	0
cell_003311	0
cell_003312	1
cell_003313	1
cell_003314	1
cell_003315	0
cell_003316	0
cell_003317	0
cell_003318	2
cell_003319	0
cell_003320	0
cell_003321	0
cell_003322	0
cell_003323	0
cell_003324	1
cell_003325	1
cell_003326	1
cell_003327	1
cell_003328	0
cell_003329	2
cell_003330	0
cell_003331	2
cell_003332	0
cell_003333	2
cell_003334	2
cell_003335	0
cell_003336	2
cell_003337	0
cell_003338	2
cell_003339	4
cell_003340	0
cell_003341	0
cell_003342	1
cell_003343	0
cell_003344	3
cell_003345	2
cell_003346	0
cell_003347	1
cell_003348	0
cell_003349	1
cell_003350	1
cell_003351	1
cell_003352	3
cell_003353	3
cell_003354	0
cell_003355	1
cell_003356	0
cell_003357	3
cell_003358	2
cell_003359	0
cell_003360	0
cell_003361	0
cell_003362	0
cell_003363	0
cell_003364	1
cell_003365	2
cell_003366	4
cell_003367	3
cell_003368	1
cell_003369	2
cell_003370	0
cell_003371	0
cell_003372	1
cell_003373	0
cell_003374	0
cell_003375	1
cell_003376	2
cell_003377	1
cell_003378	0
cell_003379	1
cell_003380	0
cell_003381	1
cell_003382	2
cell_003383	3
cell_003384	2
cell_003385	4
cell_003386	1
cell_003387	4
cell_003388	2
cell_003389	0
cell_003390	0
cell_003391	1
cell_003392	2
cell_003393	3
cell_003394	1
cell_003395	1
cell_003396	0
cell_003397	0
cell_003398	0
cell_003399	0
cell_003400	2
cell_003401	0
cell_003402	0
cell_003403	1
cell_003404	0
cell_003405	2
cell_003406	0
cell_003407	2
cell_003408	0
cell_003409	2
cell_003410	2
cell_003411	0
cell_003412	0
cell_003413	5
cell_003414	2
cell_003415	0
cell_003416	3
cell_003417	1
cell_003418	0
cell_003419	1
cell_003420	0
cell_003421	1
cell_003422	0
cell_003423	1
cell_003424	0
cell_003425	6
cell_003426	2
cell_003427	1
cell_003428	0
cell_003429	2
cell_003430	1
cell_003431	0
cell_003432	0
cell_003433	2
cell_003434	0
cell_003435	3
cell_003436	3
cell_003437	4
cell_003438	1
cell_003439	2
cell_003440	2
cell_003441	1
cell_003442	0
cell_003443	0
cell_003444	2
cell_003445	3
cell_003446	2
cell_003447	2
cell_003448	0
cell_003449	2
cell_003450	0
cell_003451	3
cell_003452	0
cell_003453	2
cell_003454	1
cell_003455	3
cell_003456	2
cell_003457	1
cell_003458	0
cell_003459	0
cell_003460	0
cell_003461	2
cell_003462	0
cell_003463	0
cell_003464	0
cell_003465	0
cell_003466	1
cell_003467	0
cell_003468	0
cell_003469	0
cell_003470	4
cell_003471	2
cell_003472	1
cell_003473	0
cell_003474	1
cell_003475	0
cell_003476	0
cell_003477	1
cell_003478	1
cell_003479	1
cell_003480	0
cell_003481	0
cell_003482	0
cell_003483	1
cell_003484	0
cell_003485	2
cell_003486	0
cell_003487	0
cell_003488	0
cell_003489	0
cell_003490	0
cell_003491	4
cell_003492	1
cell_003493	1
cell_003494	0
cell_003495	0
cell_003496	0
cell_003497	1
cell_003498	0
cell_003499	0
cell_003500	1
cell_003501	0
cell_003502	2
cell_003503	0
cell_003504	0
cell_003505	0
cell_003506	1
cell_003507	4
cell_003508	0
cell_003509	1
cell_003510	7
cell_003511	6
cell_003512	0
cell_003513	3
cell_003514	1
cell_003515	1
cell_003516	0
cell_003517	0
cell_003518	1
cell_003519	2
cell_003520	0
cell_003521	2
cell_003522	3
cell_003523	1
cell_003524	0
cell_003525	2
cell_003526	0
cell_003527	0
cell_003528	2
cell_003529	2
cell_003530	2
cell_003531	6
cell_003532	3
cell_003533	2
cell_003534	4
cell_003535	1
cell_003536	5
cell_003537	5
cell_003538	1
cell_003539	8
cell_003540	1
cell_003541	3
cell_003542	1
cell_003543	2
cell_003544	5
cell_003545	2
cell_003546	0
cell_003547	1
cell_003548	0
cell_003549	4
cell_003550	0
cell_003551	0
cell_003552	0
cell_003553	1
cell_003554	0
cell_003555	0
cell_003556	0
cell_003557	0
cell_003558	0
cell_003559	0
cell_003560	0
cell_003561	1
cell_003562	0
cell_003563	0
cell_003564	0
cell_003565	3
cell_003566	3
cell_003567	1
cell_003568	0
cell_003569	2
cell_003570	0
cell_003571	1
cell_003572	0
cell_003573	0
cell_003574	0
cell_003575	0
cell_003576	2
cell_003577	0
cell_003578	0
cell_003579	0
cell_003580	0
cell_003581	1
cell_003582	1
cell_003583	1
cell_003584	1
cell_003585	0
cell_003586	2
cell_003587	1
cell_003588	2
cell_003589	1
cell_003590	0
cell_003591	0
cell_003592	2
cell_003593	0
cell_003594	0
cell_003595	0
cell_003596	0
cell_003597	0
cell_003598	1
cell_003599	0
cell_003600	1
cell_003601	1
cell_003602	0
cell_003603	1
cell_003604	1
cell_003605	1
cell_003606	0
cell_003607	1
cell_003608	1
cell_003609	2
cell_003610	0
cell_003611	0
cell_003612	2
cell_003613	1
cell_003614	2
cell_003615	1
cell_003616	0
cell_003617	0
cell_003618	2
cell_003619	0
cell_003620	0
cell_003621	0
cell_003622	0
cell_003623	1
cell_003624	0
cell_003625	0
cell_003626	2
cell_003627	1
cell_003628	0
cell_003629	0
cell_003630	1
cell_003631	1
cell_003632	1
cell_003633	2
cell_003634	2
cell_003635	1
cell_003636	2
cell_003637	1
cell_003638	1
cell_003639	1
cell_003640	1
cell_003641	0
cell_003642	0
cell_003643	1
cell_003644	1
cell_003645	0
cell_003646	0
cell_003647	0
cell_003648	1
cell_003649	3
cell_003650	1
cell_003651	3
cell_003652	1
cell_003653	2
cell_003654	0
cell_003655	0
cell_003656	0
cell_003657	0
cell_003658	2
cell_003659	0
cell_003660	1
cell_003661	0
cell_003662	0
cell_003663	1
cell_003664	1
cell_003665	1
cell_003666	0
cell_003667	0
cell_003668	1
cell_003669	0
cell_003670	3
cell_003671	2
cell_003672	0
cell_003673	2
cell_003674	1
cell_003675	1
cell_003676	0
cell_003677	0
cell_003678	0
cell_003679	0
cell_003680	0
cell_003681	2
cell_003682	0
cell_003683	0
cell_003684	0
cell_003685	0
cell_003686	1
cell_003687	1
cell_003688	0
cell_003689	1
cell_003690	2
cell_003691	1
cell_003692	0
cell_003693	0
cell_003694	0
cell_003695	0
cell_003696	1
cell_003697	0
cell_003698	0
cell_003699	1
cell_003700	0
cell_003701	3
cell_003702	0
cell_003703	2
cell_003704	0
cell_003705	0
cell_003706	3
cell_003707	2
cell_003708	2
cell_003709	0
cell_003710	0
cell_003711	0
cell_003712	1
cell_003713	0
cell_003714	0
cell_003715	0
cell_003716	1
cell_003717	1
cell_003718	2
cell_003719	1
cell_003720	2
cell_003721	0
cell_003722	2
cell_003723	1
cell_003724	4
cell_003725	2
cell_003726	3
cell_003727	2
cell_003728	4
cell_003729	1
cell_003730	1
cell_003731	0
cell_003732	1
cell_003733	0
cell_003734	1
cell_003735	0
cell_003736	1
cell_003737	2
cell_003738	1
cell_003739	0
cell_003740	0
cell_003741	0
cell_003742	3
cell_003743	1
cell_003744	0
cell_003745	2
cell_003746	1
cell_003747	2
cell_003748	1
cell_003749	1
cell_003750	4
cell_003751	4
cell_003752	4
cell_003753	3
cell_003754	0
cell_003755	2
cell_003756	1
cell_003757	4
cell_003758	3
cell_003759	1
cell_003760	1
cell_003761	1
cell_003762	2
cell_003763	3
cell_003764	4
cell_003765	0
cell_003766	1
cell_003767	0
cell_003768	3
cell_003769	2
cell_003770	2
cell_003771	2
cell_003772	3
cell_003773	2
cell_003774	1
cell_003775	0
cell_003776	3
cell_003777	1
cell_003778	1
cell_003779	1
cell_003780	1
cell_003781	0
cell_003782	1
cell_003783	0
cell_003784	0
cell_003785	1
cell_003786	0
cell_003787	2
cell_003788	0
cell_003789	3
cell_003790	1
cell_003791	3
cell_003792	0
cell_003793	1
cell_003794	0
cell_003795	1
cell_003796	2
cell_003797	2
cell_003798	0
cell_003799	0
cell_003800	0
cell_003801	1
cell_003802	1
cell_003803	0
cell_003804	2
cell_003805	1
cell_003806	1
cell_003807	0
cell_003808	0
cell_003809	0
cell_003810	1
cell_003811	0
cell_003812	0
cell_003813	2
cell_003814	1
cell_003815	1
cell_003816	0
cell_003817	0
cell_003818	1
cell_003819	1
cell_003820	4
cell_003821	3
cell_003822	0
cell_003823	2
cell_003824	3
cell_003825	0
cell_003826	2
cell_003827	0
cell_003828	2
cell_003829	1
cell_003830	0
cell_003831	1
cell_003832	0
cell_003833	0
cell_003834	1
cell_003835	0
cell_003836	0
cell_003837	3
cell_003838	3
cell_003839	0
cell_003840	0
cell_003841	1
cell_003842	3
cell_003843	1
cell_003844	3
cell_003845	3
cell_003846	0
cell_003847	0
cell_003848	0
cell_003849	0
cell_003850	0
cell_003851	0
cell_003852	1
cell_003853	1
cell_003854	3
cell_003855	1
cell_003856	1
cell_003857	1
cell_003858	0
cell_003859	0
cell_003860	0
cell_003861	0
cell_003862	0
cell_003863	0
cell_003864	2
cell_003865	0
cell_003866	0
cell_003867	0
cell_003868	0
cell_003869	0
cell_003870	0
cell_003871	1
cell_003872	0
cell_003873	0
cell_003874	1
cell_003875	0
cell_003876	0
cell_003877	1
cell_003878	2
cell_003879	2
cell_003880	3
cell_003881	0
cell_003882	2
cell_003883	1
cell_003884	3
cell_003885	2
cell_003886	1
cell_003887	0
cell_003888	1
cell_003889	2
cell_003890	2
cell_003891	1
cell_003892	0
cell_003893	0
cell_003894	0
cell_003895	0
cell_003896	4
cell_003897	0
cell_003898	0
cell_003899	1
cell_003900	0
cell_003901	0
cell_003902	0
cell_003903	0
cell_003904	0
cell_003905	1
cell_003906	0
cell_003907	0
cell_003908	0
cell_003909	1
cell_003910	0
cell_003911	0
cell_003912	0
cell_003913	1
cell_003914	0
cell_003915	0
cell_003916	0
cell_003917	4
cell_003918	2
cell_003919	1
cell_003920	1
cell_003921	1
cell_003922	0
cell_003923	1
cell_003924	0
cell_003925	0
cell_003926	1
cell_003927	3
cell_003928	0
cell_003929	0
cell_003930	4
cell_003931	2
cell_003932	2
cell_003933	0
cell_003934	0
cell_003935	0
cell_003936	0
cell_003937	0
cell_003938	1
cell_003939	0
cell_003940	0
cell_003941	0
cell_003942	0
cell_003943	1
cell_003944	1
cell_003945	0
cell_003946	1
cell_003947	1
cell_003948	0
cell_003949	2
cell_003950	0
cell_003951	0
cell_003952	2
cell_003953	0
cell_003954	1
cell_003955	0
cell_003956	2
cell_003957	0
cell_003958	0
cell_003959	1
cell_003960	3
cell_003961	0
cell_003962	0
cell_003963	2
cell_003964	2
cell_003965	0
cell_003966	0
cell_003967	0
cell_003968	0
cell_003969	0
cell_003970	1
cell_003971	0
cell_003972	0
cell_003973	1
cell_003974	0
cell_003975	0
cell_003976	1
cell_003977	0
cell_003978	1
cell_003979	0
cell_003980	0
cell_003981	3
cell_003982	0
cell_003983	0
cell_003984	0
cell_003985	0
cell_003986	1
cell_003987	0
cell_003988	0
cell_003989	1
cell_003990	0
cell_003991	0
cell_003992	0
cell_003993	0
cell_003994	1
cell_003995	0
cell_003996	0
cell_003997	0
cell_003998	0
cell_003999	3
cell_004000	1
cell_004001	0
cell_004002	0
cell_004003	1
cell_004004	0
cell_004005	0
cell_004006	1
cell_004007	0
cell_004008	0
cell_004009	0
cell_004010	1
cell_004011	1
cell_004012	0
cell_004013	0
cell_004014	0
cell_004015	1
cell_004016	1
cell_004017	0
cell_004018	0
cell_004019	0
cell_004020	0
cell_004021	1
cell_004022	3
cell_004023	0
cell_004024	1
cell_004025	0
cell_004026	1
cell_004027	0
cell_004028	2
cell_004029	0
cell_004030	1
cell_004031	0
cell_004032	0
cell_004033	0
cell_004034	1
cell_004035	2
cell_004036	0
cell_004037	2
cell_004038	0
cell_004039	0
cell_004040	0
cell_004041	1
cell_004042	1
