donor_id	rs_snp_1	rs_snp_2	rs_snp_3	rs_snp_4	rs_snp_5	rs_snp_6	rs_snp_7	rs_snp_8	rs_snp_9	rs_snp_10	rs_snp_11	rs_snp_12	rs_snp_13	rs_snp_14	rs_snp_15	rs_snp_16	rs_snp_17	rs_snp_18	rs_snp_19	rs_snp_20	rs_snp_21	rs_snp_22	rs_snp_23	rs_snp_24	rs_snp_25	rs_snp_26	rs_snp_27	rs_snp_28	rs_snp_29	rs_snp_30	rs_snp_31	rs_snp_32	rs_snp_33	rs_snp_34	rs_snp_35	rs_snp_36	rs_snp_37	rs_snp_38	rs_snp_39	rs_snp_40	rs_snp_41	rs_snp_42	rs_snp_43	rs_snp_44	rs_snp_45	rs_snp_46	rs_snp_47	rs_snp_48	rs_snp_49	rs_snp_50	rs_snp_51	rs_snp_52	rs_snp_53	rs_snp_54	rs_snp_55	rs_snp_56	rs_snp_57	rs_snp_58	rs_snp_59	rs_snp_60	rs_snp_61	rs_snp_62	rs_snp_63	rs_snp_64	rs_snp_65	rs_snp_66	rs_snp_67	rs_snp_68	rs_snp_69	rs_snp_70	rs_snp_71	rs_snp_72	rs_snp_73	rs_snp_74	rs_snp_75	rs_snp_76	rs_snp_77	rs_snp_78	rs_snp_79	rs_snp_80	rs_snp_81	rs_snp_82	rs_snp_83	rs_snp_84	rs_snp_85	rs_snp_86	rs_snp_87	rs_snp_88	rs_snp_89	rs_snp_90	rs_snp_91	rs_snp_92	rs_snp_93	rs_snp_94	rs_snp_95	rs_snp_96	rs_snp_97	rs_snp_98	rs_snp_99	rs_snp_100
donor_001	1	1	1	1	1	1	1	1	1	1	1	0	0	0	0	0	0	1	1	1	2	2	2	2	1	1	1	0	0	0	0	0	0	0	0	0	0	0	1	2	0	2	2	2	2	2	2	2	2	1	2	1	2	1	1	2	1	1	0	1	0	0	0	0	0	1	0	0	0	0	0	0	0	0	0	0	0	0	0	0	0	0	0	0	0	0	0	0	0	0	0	0	1	1	2	1	2	0	1	1
donor_002	0	0	0	0	0	0	0	1	0	1	2	2	2	0	1	2	2	2	2	1	2	1	0	0	0	2	2	2	2	1	1	2	1	1	1	1	1	1	1	0	0	0	0	0	0	1	1	0	1	0	0	0	0	0	1	1	0	1	2	2	0	0	0	0	1	1	1	1	0	0	0	0	0	0	0	0	0	2	2	1	1	1	0	0	0	0	0	0	0	0	2	0	0	1	0	0	1	1	2	1
donor_003	1	1	2	2	2	2	1	2	2	1	1	2	1	1	2	1	0	1	1	0	0	1	1	1	0	1	2	1	1	0	1	2	1	1	1	1	1	2	1	1	0	1	1	1	1	2	1	1	1	0	0	0	1	0	0	2	0	2	0	1	0	0	0	0	0	0	1	1	1	1	0	1	0	0	0	1	0	1	1	0	0	0	0	0	0	0	0	0	0	1	1	1	0	0	1	1	0	0	1	1
donor_004	1	1	1	1	0	0	0	0	0	0	0	0	0	0	0	0	0	0	0	0	0	0	0	0	0	1	1	0	0	0	0	1	1	1	1	1	1	1	1	1	1	1	1	1	1	0	1	0	0	0	0	0	0	0	0	0	0	2	2	2	1	0	1	0	1	0	1	1	2	2	1	1	1	1	1	1	1	2	2	2	1	1	0	0	0	0	0	0	0	0	0	0	0	0	1	1	0	0	0	0
donor_005	0	0	0	1	0	2	1	2	2	1	1	1	1	0	1	0	0	1	1	0	1	1	0	0	0	1	1	1	1	0	1	1	0	1	0	0	2	1	1	2	1	2	1	1	1	1	2	1	2	1	1	0	2	0	0	1	1	1	1	1	1	0	0	1	0	1	1	2	1	1	0	1	0	0	0	1	0	1	1	1	1	1	1	1	1	1	0	1	0	0	1	1	1	0	1	2	1	0	1	0
donor_006	0	0	0	0	0	0	0	0	0	0	0	0	0	0	1	0	1	1	2	2	2	2	2	2	2	2	2	2	1	0	2	1	1	1	1	1	1	2	2	1	1	1	1	1	1	1	1	1	1	2	2	2	1	1	1	2	0	1	1	1	1	1	1	1	1	1	1	1	1	2	1	1	0	0	0	2	1	2	1	1	1	1	1	1	1	0	0	0	0	0	0	0	0	0	0	0	0	0	0	0
donor_007	1	1	1	1	0	0	0	0	0	0	0	0	0	0	0	0	0	0	0	0	0	0	1	0	0	0	0	0	0	0	0	0	0	0	0	0	0	0	1	0	0	0	1	1	2	1	1	0	1	1	0	0	1	0	0	1	0	2	0	0	0	0	0	0	0	0	0	0	1	1	0	1	0	0	1	1	0	2	2	2	2	2	2	2	2	2	2	1	1	1	1	1	1	1	1	1	0	0	1	0
donor_008	0	0	0	0	0	0	0	0	0	0	0	0	0	0	1	1	0	2	1	1	1	1	1	1	0	0	0	0	0	0	0	1	0	0	0	0	0	0	0	0	0	1	1	0	0	0	0	0	0	0	0	0	1	0	0	1	0	1	0	1	0	0	0	1	1	1	2	2	1	1	0	2	0	0	0	0	0	0	0	0	0	0	0	1	1	2	0	0	0	0	0	0	0	0	0	0	0	0	0	0
donor_009	0	0	0	1	0	0	0	1	0	0	0	0	0	0	0	0	0	0	0	0	1	0	1	0	0	0	0	0	0	0	0	0	0	0	0	0	0	1	1	1	0	1	1	1	1	0	1	0	1	1	0	0	0	0	1	1	0	1	1	1	0	0	0	0	0	1	0	1	1	1	1	2	0	0	1	2	1	2	2	2	2	1	1	1	0	1	0	0	0	1	0	0	0	0	0	1	0	1	1	0
donor_010	1	0	1	1	1	1	1	2	1	1	2	1	0	0	0	0	0	0	0	0	0	0	0	0	0	0	1	1	2	1	1	1	1	1	1	0	2	0	2	1	0	0	0	1	0	0	1	0	1	1	1	1	1	0	0	0	0	0	0	0	0	0	0	1	1	1	1	1	1	1	0	1	0	1	0	1	1	1	1	1	0	1	1	2	0	1	1	0	0	1	1	1	0	0	0	1	0	1	2	1
donor_011	0	0	1	0	0	1	0	0	0	0	0	0	0	0	0	0	0	0	2	0	0	0	0	0	0	0	0	1	1	0	0	0	0	0	0	0	0	0	0	1	0	1	1	1	1	1	1	1	1	0	0	0	0	0	0	1	0	1	0	2	0	0	0	0	0	0	0	1	1	1	0	1	0	0	0	1	0	1	1	1	1	1	1	1	1	1	1	1	0	1	1	1	2	1	1	2	2	1	2	1
donor_012	0	0	1	0	0	1	0	1	1	0	2	0	0	0	0	0	0	0	1	0	1	0	1	0	0	1	0	0	0	0	0	2	0	1	0	0	0	1	1	0	1	1	1	1	2	2	1	0	2	1	0	0	1	0	0	1	0	1	0	1	1	0	0	0	0	0	0	0	0	0	0	2	0	0	1	1	1	2	1	1	1	1	0	2	0	0	0	1	1	0	1	1	0	0	0	0	0	0	0	0
donor_013	0	0	0	0	0	1	1	1	1	1	1	0	1	0	0	0	0	0	0	0	0	1	1	0	0	1	1	0	0	0	0	0	0	0	0	0	0	0	0	0	0	0	0	0	1	1	1	0	0	0	1	0	0	0	0	1	0	1	0	1	1	1	1	1	2	2	1	1	2	2	1	2	2	2	1	1	1	1	1	1	1	1	1	1	1	1	1	1	1	0	0	0	0	0	0	0	0	0	1	1
donor_014	1	0	1	0	0	1	0	2	0	0	1	1	0	0	1	0	0	1	0	0	2	1	0	0	0	0	0	1	1	0	0	0	0	0	0	0	0	0	0	0	0	1	1	1	1	0	0	0	0	0	0	0	0	0	0	0	0	0	0	0	0	0	0	1	1	1	1	1	0	0	0	1	0	0	0	0	0	0	0	0	0	0	0	0	0	0	1	1	0	0	0	0	0	0	0	0	0	0	0	0
donor_015	0	0	0	0	0	0	0	0	1	0	1	1	1	1	0	1	1	1	1	0	1	0	0	0	0	0	0	0	0	0	0	0	0	0	0	0	0	1	1	2	1	2	1	1	2	1	0	0	1	0	0	0	0	0	0	1	0	0	0	1	0	0	0	0	1	1	0	1	1	1	1	1	1	1	1	1	1	2	2	2	1	1	1	1	1	1	0	0	0	0	0	0	0	0	1	1	0	0	1	0
donor_016	1	1	1	1	1	1	1	1	1	1	1	1	1	1	1	1	1	1	1	1	0	0	0	0	0	0	0	0	1	1	1	0	0	1	0	0	0	1	0	0	1	1	1	1	2	1	2	0	2	1	1	1	2	1	2	2	1	2	1	1	1	1	1	1	1	1	1	0	0	1	0	1	0	0	0	0	0	0	0	0	1	0	0	0	0	1	0	1	0	0	1	0	0	0	0	0	0	0	0	0
donor_017	0	0	1	0	0	0	0	1	0	0	0	0	0	0	0	0	0	0	0	0	0	2	2	2	1	2	1	2	2	0	2	2	1	2	0	0	0	0	0	0	0	1	1	0	2	1	2	1	2	2	2	2	2	2	2	2	1	2	2	2	1	0	1	1	0	0	1	0	1	1	1	1	0	1	1	0	0	1	1	1	1	1	0	0	0	0	0	1	1	1	1	1	1	0	0	1	1	0	0	0
donor_018	0	0	0	0	0	0	0	0	1	1	0	2	2	1	1	1	1	1	2	1	1	1	1	0	0	0	0	0	1	0	1	1	0	0	0	1	0	0	1	0	0	0	1	0	0	0	0	0	0	0	0	0	0	0	0	0	0	0	0	0	0	0	0	1	1	0	0	0	0	0	0	0	0	0	0	0	0	0	0	0	0	0	0	0	0	1	1	1	1	1	1	1	0	0	0	1	1	0	1	0
donor_019	0	0	1	1	0	1	0	1	1	1	1	1	1	1	1	1	1	1	1	1	1	1	1	1	1	2	2	2	1	0	0	0	0	0	0	0	0	0	0	0	0	0	0	0	0	1	1	0	1	1	1	0	0	0	0	0	0	0	0	1	0	0	0	0	2	2	0	1	0	0	0	0	0	0	0	0	0	0	0	0	0	0	0	1	1	0	1	0	0	0	0	0	0	0	0	1	0	0	0	0
donor_020	0	0	1	0	0	0	1	1	2	2	2	2	0	0	0	0	0	1	1	1	2	1	1	1	1	1	1	2	1	1	1	1	1	1	1	1	1	0	0	0	0	1	1	1	1	1	2	1	2	2	1	1	2	1	2	2	1	2	2	2	2	0	1	2	0	0	1	0	0	0	0	1	0	0	0	0	0	1	1	1	1	1	1	1	1	1	1	1	0	0	0	1	1	0	0	0	1	0	1	0
donor_021	1	0	1	0	0	1	1	1	1	1	1	1	0	0	0	0	0	1	1	0	1	1	0	0	0	1	2	2	1	0	0	1	0	0	0	0	0	0	0	0	1	1	1	0	0	0	1	0	1	0	0	0	0	0	0	1	0	1	0	1	0	0	0	1	1	1	1	1	1	1	1	0	0	0	0	0	0	0	0	0	0	0	0	0	0	0	0	0	0	0	0	0	2	0	1	1	1	1	1	0
donor_022	2	1	2	1	1	2	2	2	2	2	2	1	0	0	0	1	0	0	0	0	2	1	1	0	0	2	0	1	2	0	1	1	1	1	1	0	0	0	1	1	0	0	0	0	1	0	1	0	1	0	0	0	2	0	0	0	0	0	0	1	0	0	0	0	0	1	0	0	0	0	0	0	0	0	0	0	0	0	0	0	0	0	0	1	1	1	0	0	0	0	0	0	1	0	1	1	1	1	1	0
donor_023	1	1	1	1	0	0	0	1	0	1	0	1	0	0	1	0	1	1	1	1	1	1	0	1	1	1	1	1	1	0	0	2	0	1	1	0	0	1	0	0	0	1	0	0	1	1	1	1	1	1	1	1	1	1	1	2	1	2	1	1	1	1	1	1	1	1	1	1	1	2	2	2	0	0	0	2	0	0	0	1	0	1	0	0	0	0	0	0	1	1	2	0	0	0	0	2	2	1	1	0
donor_024	0	0	0	0	0	0	1	1	0	0	1	1	1	0	1	1	1	2	2	0	1	2	1	1	1	1	1	1	2	0	2	0	0	0	0	1	1	1	2	2	1	1	1	0	0	0	0	0	0	0	0	0	0	0	0	0	0	0	0	0	0	0	0	0	0	0	1	1	1	1	0	0	0	0	0	0	0	1	2	2	1	0	0	1	1	2	2	2	1	0	1	0	0	0	1	1	1	1	0	0
donor_025	1	1	1	2	1	1	1	0	0	0	0	0	0	1	1	1	0	1	0	1	1	1	1	0	0	0	0	0	0	0	0	1	0	1	1	1	1	1	1	1	1	1	1	1	2	1	1	1	1	1	1	1	1	0	0	1	0	1	0	1	1	0	0	1	1	1	1	1	1	1	1	1	1	0	0	2	0	2	2	2	0	1	0	1	0	1	1	1	1	0	0	0	0	0	0	1	1	0	0	0
donor_026	1	1	1	0	0	0	0	0	0	0	0	1	0	0	1	1	1	1	0	0	1	1	1	0	0	1	0	0	0	0	0	1	0	0	1	0	0	0	0	0	0	1	1	0	1	1	1	1	2	2	2	1	1	0	1	1	1	1	1	2	1	1	1	1	1	2	1	2	2	2	2	2	1	1	1	1	1	1	1	1	1	1	1	1	1	1	0	1	1	1	1	1	1	0	0	0	1	0	1	1
donor_027	0	0	1	1	1	1	1	1	1	2	1	1	1	0	0	0	0	0	0	0	0	0	0	0	0	0	0	0	1	0	1	2	0	0	0	0	0	0	0	0	0	0	0	0	1	1	1	0	2	0	1	0	1	0	1	2	0	0	0	2	0	0	0	0	1	0	1	1	0	0	0	0	0	0	0	0	1	1	1	1	0	0	1	1	1	1	1	1	1	1	1	2	1	0	0	0	0	0	1	1
donor_028	1	1	2	2	1	2	1	2	2	2	2	1	1	0	1	1	0	0	1	1	1	1	1	1	0	0	1	1	1	0	0	1	0	1	1	0	1	1	1	2	0	0	0	0	0	1	0	0	1	0	0	0	0	0	0	1	1	1	1	1	0	0	0	0	1	0	0	0	0	0	0	2	1	1	1	1	1	2	2	1	1	1	0	1	2	2	1	2	1	2	1	1	2	1	1	2	2	1	2	1
donor_029	0	0	1	0	0	1	0	0	0	0	0	0	0	0	0	0	0	1	1	0	0	0	0	0	0	0	0	0	0	0	0	1	0	0	0	0	0	1	1	1	1	1	1	0	0	0	0	0	0	0	1	1	1	1	1	2	0	1	1	1	0	0	0	0	0	0	0	0	0	0	0	0	0	0	0	0	0	1	1	2	2	2	2	2	1	2	0	1	1	2	2	2	1	1	1	2	0	0	0	0
donor_030	0	0	0	0	0	0	0	0	0	1	1	1	0	1	1	1	0	1	1	1	1	2	1	0	0	1	1	2	2	1	1	1	0	0	0	0	0	0	0	0	0	0	0	0	1	1	1	0	0	0	0	0	1	0	0	0	0	1	1	0	0	0	0	0	0	0	1	1	1	1	1	1	1	0	1	2	2	2	2	2	1	1	0	2	1	2	2	2	2	2	2	2	2	2	2	2	2	2	2	1
donor_031	0	0	1	1	0	1	0	1	1	1	1	1	1	0	2	1	1	1	1	0	0	1	1	0	0	0	0	0	0	0	0	1	0	0	0	1	0	0	1	1	1	1	0	1	1	1	1	0	1	1	1	1	1	1	0	1	1	1	1	1	1	1	1	1	1	1	1	0	0	1	0	1	1	0	0	1	0	0	0	0	1	0	0	1	1	1	0	1	1	1	1	1	1	0	0	0	0	0	0	0
donor_032	0	1	1	1	1	1	0	1	1	1	0	0	0	0	0	0	0	0	1	0	0	0	0	0	0	0	0	0	0	0	0	0	0	0	0	0	0	0	0	0	0	1	1	0	0	1	1	0	0	0	0	0	0	0	0	0	0	0	0	0	0	0	0	0	1	1	1	1	1	0	0	2	0	0	0	2	0	2	2	2	1	0	0	1	0	1	0	0	0	0	0	0	0	0	0	0	1	0	0	0
donor_033	0	0	0	1	0	0	0	0	0	1	0	0	0	0	1	1	0	2	2	1	2	1	2	2	0	2	1	2	2	1	1	2	1	1	1	1	1	1	2	2	2	2	2	1	1	1	2	0	1	1	1	1	1	0	1	1	0	1	0	1	0	0	0	0	0	0	0	1	1	1	1	2	1	1	0	1	1	1	1	1	1	2	1	2	2	2	2	2	2	2	2	2	1	1	1	2	1	0	1	0
donor_034	0	0	2	2	1	1	1	1	1	1	1	1	1	0	0	0	0	0	0	0	2	2	2	1	0	1	0	0	0	0	0	0	0	0	0	0	1	1	1	1	1	1	2	1	0	0	0	0	2	1	0	0	0	0	0	0	0	0	0	0	0	0	1	1	0	0	0	0	0	0	0	0	0	1	0	1	0	1	1	1	1	1	1	1	1	1	1	1	1	1	1	1	1	1	1	1	1	1	1	0
donor_035	1	0	1	1	0	1	0	1	1	1	1	1	1	0	1	1	1	2	2	2	2	2	2	2	2	2	2	2	2	2	1	2	2	2	1	1	1	1	1	1	0	0	1	0	0	0	1	0	1	0	0	0	0	0	1	0	0	1	0	2	0	0	0	0	1	1	1	1	0	1	0	1	0	0	0	0	0	0	1	0	0	0	0	0	0	0	0	0	0	0	0	0	0	0	0	0	0	0	1	0
donor_036	1	1	1	1	1	1	1	1	1	1	1	1	1	0	1	1	1	1	1	0	1	0	1	0	0	0	0	0	1	0	1	1	1	1	1	1	1	1	1	1	0	1	1	1	2	0	1	0	0	1	1	0	0	0	0	0	0	0	0	0	0	0	0	1	1	1	1	1	0	1	1	1	0	0	0	1	0	1	1	1	1	0	1	1	2	1	1	1	1	1	1	0	0	0	0	0	0	0	0	0
donor_037	1	0	1	0	0	0	0	1	1	1	1	1	1	1	2	2	1	2	2	1	2	1	2	2	2	2	2	0	0	0	0	1	0	1	1	0	1	0	1	1	0	1	0	0	1	0	1	0	1	0	0	0	0	0	0	1	0	1	1	1	0	0	0	1	1	1	0	1	0	0	0	1	0	0	0	1	1	2	1	2	2	1	0	1	0	1	1	1	0	1	1	1	1	0	1	0	0	0	0	0
donor_038	0	0	0	0	0	1	1	1	0	0	0	1	0	0	1	0	0	1	2	1	1	1	1	1	1	2	0	1	1	0	1	1	1	1	1	0	0	1	0	1	0	0	1	1	1	0	0	0	2	1	1	0	1	0	1	1	1	1	1	1	0	0	1	1	1	1	1	1	1	1	0	0	0	0	0	0	0	0	0	0	0	0	0	1	1	1	1	1	1	1	1	2	2	0	0	0	0	1	2	1
donor_039	0	0	0	0	0	1	0	0	0	0	0	0	0	0	0	0	0	0	0	0	0	0	0	0	0	0	0	0	1	0	0	0	0	0	0	0	0	0	0	1	1	2	1	0	0	0	0	0	0	0	0	0	0	0	0	1	1	1	1	1	1	1	1	1	2	2	1	1	0	0	0	0	0	0	0	0	0	1	1	1	0	1	1	1	1	2	2	2	1	1	0	0	1	0	1	1	1	1	1	1
donor_040	2	0	1	1	0	0	0	0	0	0	1	0	0	0	1	0	0	1	1	0	1	1	1	1	2	2	2	2	2	2	2	2	2	1	1	1	0	2	0	0	0	1	1	1	1	1	0	0	0	0	0	0	0	0	0	1	0	1	0	0	0	0	0	0	0	0	0	0	0	0	0	0	0	0	0	1	0	1	1	0	0	0	0	0	0	0	0	0	1	1	1	1	1	0	0	0	0	0	0	0
donor_041	1	0	0	0	0	0	0	0	0	0	0	0	0	0	0	0	0	0	0	0	0	1	0	1	1	1	1	1	2	0	0	2	2	2	2	1	2	2	2	2	1	2	2	1	2	2	2	2	1	1	1	1	1	1	1	1	1	1	1	1	0	0	0	0	0	0	0	0	0	1	0	0	0	1	1	1	0	2	0	0	0	1	1	1	1	1	1	1	1	1	2	2	1	1	2	1	1	1	1	1
donor_042	0	0	2	1	0	1	1	1	1	1	1	1	1	1	1	1	0	1	1	1	1	1	1	1	1	1	1	1	1	1	1	1	0	0	0	0	0	1	1	1	1	0	0	0	0	1	0	0	0	0	0	0	0	0	0	0	0	0	0	0	0	0	0	1	2	0	1	1	2	1	1	0	0	0	0	1	0	1	1	1	0	0	0	1	0	2	1	2	1	2	2	2	1	0	1	1	1	0	1	0
donor_043	1	0	0	1	0	0	0	1	1	1	1	0	0	0	0	0	0	0	1	1	2	2	1	2	1	2	0	1	0	0	0	2	1	1	0	0	1	1	2	1	1	2	2	2	2	1	1	1	2	2	2	1	2	1	0	2	1	2	2	2	1	1	1	2	2	2	1	1	1	2	1	1	1	1	1	2	1	2	2	2	2	1	0	0	1	1	1	1	1	1	1	1	1	1	1	1	1	2	2	1
donor_044	0	0	0	0	0	0	0	1	1	1	2	1	1	1	1	1	2	2	2	1	2	1	0	2	1	1	1	1	2	1	1	2	1	1	0	0	0	1	1	1	1	1	1	1	1	2	1	1	1	1	1	1	1	1	0	1	0	0	1	2	0	0	0	1	1	1	0	0	1	2	1	2	0	0	0	0	0	0	0	0	0	1	0	0	0	1	1	1	0	1	1	1	1	1	1	1	1	1	2	0
donor_045	1	0	1	0	0	2	1	1	2	2	0	2	2	1	2	1	0	1	0	0	0	0	0	0	0	0	0	1	2	1	1	2	1	1	1	1	1	1	2	2	1	1	2	2	2	0	1	0	1	0	0	0	0	0	0	0	0	0	0	0	0	0	1	1	1	2	2	2	2	1	2	2	1	0	1	2	0	1	2	2	2	2	2	2	1	1	1	0	0	0	1	0	0	0	0	1	2	1	1	1
donor_046	0	0	1	1	0	1	0	1	0	0	1	0	0	0	1	0	0	1	1	0	0	1	0	0	0	1	0	0	0	0	0	0	0	0	0	0	0	0	2	0	0	1	2	2	2	2	2	1	2	1	0	0	0	0	0	1	0	0	0	1	0	0	0	0	2	0	0	1	0	0	0	0	0	0	0	1	0	1	1	1	1	0	0	1	0	0	0	0	0	0	1	1	2	0	0	0	0	1	1	0
donor_047	0	0	1	0	0	0	0	0	0	1	1	1	1	0	1	1	1	1	1	0	0	0	0	0	0	0	1	1	1	1	1	0	0	0	0	0	0	1	0	0	0	0	0	0	1	1	2	1	1	1	1	1	1	1	1	1	1	1	0	0	0	0	0	0	0	0	0	0	0	0	0	1	1	1	1	2	1	1	1	2	1	0	0	1	1	1	0	1	0	1	0	0	0	0	0	1	0	0	0	0
donor_048	2	0	1	1	0	0	0	0	0	1	1	0	0	0	0	0	0	1	0	0	1	1	1	1	1	1	1	1	1	1	0	1	1	1	1	0	1	0	0	1	0	1	1	1	1	1	0	1	2	2	2	2	2	2	1	2	0	2	1	1	1	0	1	1	0	0	0	0	0	1	0	1	0	0	0	0	0	0	0	1	1	1	0	1	1	0	0	0	0	0	0	2	2	1	1	1	0	0	2	1
donor_049	0	0	1	0	0	0	0	0	1	1	1	1	0	0	0	0	0	1	0	0	0	1	1	1	0	1	0	1	1	0	0	1	0	0	0	0	0	0	0	0	0	0	0	1	0	1	1	1	1	1	1	0	1	1	1	2	0	0	0	1	0	1	1	1	2	2	2	2	2	2	1	2	1	0	1	1	1	2	2	2	1	1	1	2	1	1	1	1	0	1	0	0	0	0	0	0	1	0	0	0
donor_050	0	0	1	0	0	0	0	0	0	1	0	0	0	0	0	0	0	0	0	0	0	1	0	0	1	1	1	0	1	1	1	1	0	0	0	0	0	0	0	1	0	1	0	0	0	0	0	0	0	0	0	0	0	0	0	2	0	2	0	1	0	0	0	0	0	0	0	0	0	0	0	0	0	0	0	0	0	0	0	1	0	0	0	0	0	1	1	1	1	1	2	2	1	0	1	2	1	1	1	1
donor_051	1	0	1	1	1	1	1	2	2	2	2	1	0	0	1	1	1	1	1	1	1	2	2	1	1	1	0	1	1	0	0	0	0	0	0	0	1	1	1	0	0	1	2	1	1	1	1	1	1	1	1	0	1	0	0	1	0	1	0	0	0	0	1	1	1	1	1	0	0	2	0	2	0	0	0	0	0	0	0	1	0	0	0	0	0	1	1	1	1	1	1	2	2	0	1	1	1	0	0	0
donor_052	1	1	2	1	0	0	1	1	1	1	1	1	1	0	1	0	0	1	0	0	1	0	1	1	0	0	2	1	1	0	0	0	0	0	0	1	1	2	2	1	1	1	1	1	1	1	1	1	2	1	1	0	1	0	1	2	1	1	1	1	0	0	0	0	0	0	0	0	0	0	0	1	0	0	0	1	1	1	1	0	0	0	0	0	0	0	0	0	0	0	0	0	0	0	1	0	0	0	0	0
donor_053	1	0	1	1	0	1	1	1	1	1	0	0	0	0	0	0	0	0	0	0	0	1	0	0	0	0	0	1	1	0	0	0	0	0	0	0	0	0	0	0	0	0	0	0	2	1	2	0	2	1	1	1	1	1	0	1	1	1	1	1	0	0	1	1	1	0	0	0	0	0	0	0	0	0	0	0	0	0	0	0	0	0	0	0	0	0	0	0	0	0	0	0	0	0	0	0	0	0	0	0
donor_054	1	0	1	1	0	0	0	1	0	0	0	1	1	0	1	0	1	1	1	0	1	1	1	0	1	1	2	1	1	0	1	1	0	1	1	1	1	1	1	0	0	1	1	0	1	1	2	1	2	2	2	2	2	2	2	2	1	2	0	1	0	0	1	1	1	0	0	0	0	0	0	0	0	0	0	2	1	1	1	2	1	1	1	1	0	0	0	1	1	1	1	1	1	1	1	1	1	0	1	1
donor_055	1	0	1	0	0	0	0	0	0	1	1	1	1	1	1	1	1	1	1	1	1	1	1	2	1	2	2	1	2	0	1	2	1	1	1	1	1	1	1	1	0	0	1	0	1	0	0	1	1	0	0	0	0	0	0	1	0	0	0	0	0	0	0	0	0	0	1	1	1	1	1	1	1	0	0	0	0	1	0	0	0	0	0	0	0	0	0	0	0	0	0	0	0	0	0	0	0	0	0	0
donor_056	0	0	0	2	1	1	1	2	2	1	2	2	1	0	2	2	1	1	1	1	1	1	1	1	0	1	0	1	1	1	1	1	0	0	0	0	0	0	0	0	1	1	1	1	2	1	1	1	1	1	0	0	0	0	1	1	0	0	0	0	0	0	0	0	0	0	0	1	0	0	0	1	0	0	0	1	0	0	1	0	0	2	1	1	1	1	1	1	1	1	1	1	1	1	1	1	1	1	1	0
donor_057	1	1	1	1	0	1	1	1	0	0	1	0	0	0	1	0	0	0	1	0	1	0	0	0	0	1	1	0	1	0	0	1	1	1	1	0	0	0	0	0	0	1	0	1	1	1	1	1	1	1	1	1	2	1	1	1	0	2	1	1	0	0	0	0	1	1	1	1	1	1	0	1	0	0	0	0	0	0	0	0	0	0	0	0	0	0	0	1	0	1	2	2	2	1	1	2	1	1	1	1
donor_058	0	0	1	1	1	1	1	0	1	1	1	0	0	0	0	0	1	1	0	0	0	0	1	0	0	0	0	1	1	0	0	1	0	0	0	0	0	0	0	0	0	1	1	1	1	1	1	0	0	0	0	0	1	0	0	2	2	2	2	1	1	0	0	1	0	0	0	0	0	0	0	0	0	0	0	0	0	1	1	1	1	0	0	0	0	0	0	1	0	1	1	1	1	0	0	1	0	0	2	0
donor_059	0	0	1	0	0	0	1	1	0	0	1	1	1	1	1	1	1	0	1	0	1	1	1	0	0	0	0	0	1	0	1	1	0	1	0	0	0	0	0	0	0	1	1	0	0	0	0	0	0	0	0	0	1	0	0	1	1	1	0	1	0	0	1	2	2	2	1	0	0	0	0	0	0	0	1	1	0	2	1	1	1	1	0	1	1	2	1	0	1	2	1	0	0	0	0	0	0	0	1	0
donor_060	0	0	1	2	0	2	1	1	1	1	0	0	0	0	0	0	0	1	1	1	1	1	1	1	1	1	1	1	1	1	1	1	0	0	0	0	0	1	0	0	0	1	1	1	1	1	1	1	1	0	0	0	1	0	0	0	0	0	0	0	0	0	0	0	0	0	0	0	0	0	0	1	0	0	0	0	0	1	0	0	0	1	0	1	2	2	2	2	2	2	2	2	2	2	2	2	1	1	1	1
donor_061	0	0	0	0	0	0	0	0	1	0	0	0	0	0	0	1	0	1	0	1	1	1	1	1	0	1	1	0	0	0	0	0	0	0	0	0	0	0	0	0	0	0	0	0	0	0	1	1	1	1	1	0	1	0	0	1	0	2	1	1	0	1	1	2	2	2	2	1	2	2	1	1	0	0	0	1	1	2	1	2	2	2	1	2	1	2	1	1	1	2	1	1	1	1	1	1	1	0	1	0
donor_062	0	0	1	1	0	0	0	1	1	1	1	1	2	1	1	1	1	1	1	1	2	2	1	1	2	2	2	2	2	2	2	2	0	1	1	0	1	0	0	0	0	1	2	2	0	0	1	0	1	1	1	0	1	0	0	0	0	0	0	0	0	0	0	2	1	2	1	1	1	0	0	1	0	0	0	1	0	1	1	1	0	1	1	1	0	0	0	0	0	0	0	0	0	0	0	0	0	0	0	0
donor_063	0	0	0	1	0	0	0	1	0	0	1	1	0	0	0	0	0	1	1	0	1	0	1	0	0	0	0	0	0	0	0	0	0	0	0	0	0	0	0	0	0	0	0	0	0	0	0	0	0	0	0	0	0	0	0	1	0	1	1	1	0	0	0	1	1	1	2	1	0	2	1	2	1	1	1	1	1	1	1	2	1	1	1	1	0	1	0	0	0	0	0	0	1	0	0	0	0	0	1	0
donor_064	0	0	2	1	0	1	1	1	1	1	1	1	2	0	1	0	1	1	1	1	1	1	1	1	1	1	0	1	1	0	0	1	0	2	0	0	1	0	1	0	0	1	1	1	2	1	0	0	0	0	1	0	1	0	0	1	0	0	0	0	0	0	0	0	0	0	0	0	0	0	0	0	0	0	0	0	0	0	0	0	0	0	0	0	0	0	0	0	0	0	0	0	0	0	0	0	0	0	0	0
donor_065	0	0	1	0	0	0	0	1	1	1	1	1	2	0	1	1	1	1	2	0	0	0	0	0	0	1	1	1	0	0	0	1	0	0	1	0	0	0	0	1	0	0	0	0	0	1	1	0	0	0	0	1	1	0	0	1	0	1	1	1	0	0	0	0	0	1	0	0	0	1	0	1	1	1	1	2	1	1	1	1	0	0	0	0	0	1	0	0	0	0	1	1	1	0	0	1	0	0	0	0
donor_066	1	1	2	2	1	2	1	0	1	2	2	2	2	0	0	0	0	0	0	0	0	0	0	0	0	0	0	0	1	0	0	2	1	1	1	1	2	2	2	2	1	2	1	0	1	1	1	1	1	1	1	0	1	0	0	1	0	1	0	0	0	0	0	1	1	1	1	1	1	1	0	1	0	0	0	1	0	2	1	0	1	1	0	0	0	1	1	2	1	1	1	1	1	1	1	1	1	1	2	0
donor_067	0	0	0	0	0	0	0	2	1	1	1	2	2	0	2	0	0	2	2	0	1	1	1	1	1	1	1	0	0	0	0	0	0	0	0	0	0	0	0	0	0	0	0	0	0	0	0	0	0	0	0	0	0	0	0	1	0	2	2	2	0	0	0	0	0	1	1	1	0	1	0	1	1	1	1	1	1	1	1	1	0	2	0	0	0	1	0	0	0	0	1	1	2	2	2	1	1	0	0	1
donor_068	0	0	0	0	0	0	0	0	0	2	1	0	1	0	0	0	0	1	0	0	0	0	0	0	0	0	0	0	0	0	0	0	0	0	0	0	0	0	0	0	0	1	0	1	1	0	0	0	1	0	0	0	0	0	0	0	0	0	0	0	0	0	0	0	0	0	1	1	0	0	0	0	0	0	0	1	0	0	1	1	0	0	0	0	0	0	0	0	0	1	1	0	0	0	0	1	0	0	1	1
donor_069	0	0	1	1	0	0	0	0	1	0	1	1	0	0	0	0	0	0	1	0	1	1	1	0	1	1	1	1	1	1	2	2	1	0	0	0	0	0	0	1	1	2	2	2	2	1	0	0	1	1	0	0	0	0	0	1	0	0	0	0	0	0	0	0	0	0	0	0	0	0	0	1	0	0	1	1	0	1	0	1	1	0	0	0	0	0	0	0	0	0	0	0	0	0	0	0	0	0	0	0
donor_070	0	0	0	0	0	1	0	1	0	0	1	0	0	0	1	0	1	1	1	1	2	2	2	2	2	2	2	2	2	1	1	1	0	1	1	0	1	1	1	0	0	0	0	0	1	0	0	0	1	0	0	0	0	0	0	0	0	0	0	0	0	0	1	1	1	0	0	0	0	0	0	1	0	1	1	2	1	1	1	1	1	1	1	1	0	1	0	0	0	0	0	0	0	0	0	0	0	0	0	0
donor_071	1	1	1	0	0	0	0	1	1	0	1	0	1	0	0	2	1	1	1	1	1	1	2	1	1	1	1	2	2	1	2	2	0	2	1	1	1	1	1	1	1	1	1	1	1	1	1	0	1	0	1	0	0	0	0	1	0	0	0	0	0	0	0	0	0	0	1	1	0	0	0	1	0	0	1	1	1	1	1	1	1	1	0	1	1	1	1	1	0	0	1	1	1	0	0	0	1	0	1	0
donor_072	0	0	0	0	0	1	0	1	0	1	0	1	0	0	0	0	0	1	1	0	2	2	2	1	1	2	2	2	2	0	1	2	1	1	1	1	1	0	1	1	1	2	1	1	2	2	2	2	2	1	0	0	1	0	0	1	1	1	0	2	0	0	0	0	0	0	0	0	0	0	0	0	0	0	0	1	0	2	1	1	1	1	0	1	0	1	0	0	0	1	1	0	0	0	0	0	0	0	1	1
donor_073	1	0	0	1	1	1	1	2	2	2	2	2	2	1	2	1	0	0	0	0	1	1	0	0	0	0	0	1	1	1	1	1	0	1	0	0	0	1	0	0	0	0	0	0	0	0	1	0	1	0	0	0	0	0	0	1	0	0	0	0	0	0	0	0	0	1	0	1	0	0	0	0	0	0	0	0	0	0	0	0	0	1	1	1	0	0	0	0	0	0	0	1	0	0	0	0	1	0	1	0
donor_074	0	0	1	0	0	1	1	1	1	1	1	1	0	1	1	1	1	1	1	0	2	1	1	1	2	2	2	2	2	0	0	0	0	1	1	1	1	1	1	1	0	1	0	0	0	0	0	0	0	0	0	0	0	0	0	0	0	0	0	0	0	0	0	0	1	1	0	2	0	0	0	0	0	0	0	1	1	1	1	1	1	2	1	2	1	1	1	0	0	0	1	1	1	0	0	1	1	1	1	1
donor_075	1	1	1	1	0	1	1	1	0	2	1	2	0	0	0	0	0	0	1	0	2	2	2	1	1	2	1	1	0	0	0	0	0	0	0	0	1	0	1	1	1	1	1	1	1	0	1	0	0	0	0	0	1	0	0	2	0	2	2	2	0	0	1	1	2	2	2	0	0	0	0	0	0	0	1	1	1	1	2	2	1	1	0	1	1	0	0	0	0	0	1	0	0	0	0	0	0	0	1	1
donor_076	0	0	0	0	0	0	0	0	0	0	1	0	1	0	1	1	0	1	0	0	0	1	1	1	1	2	1	1	1	0	1	1	0	1	0	0	0	0	0	0	0	0	0	0	1	1	1	1	2	1	0	0	1	0	0	0	0	1	1	1	0	0	0	0	0	0	0	0	0	0	0	1	0	0	0	0	0	1	1	1	1	1	0	0	0	0	0	0	0	0	1	0	0	0	1	1	1	0	0	0
donor_077	1	1	1	1	0	0	1	1	2	1	0	0	0	0	1	1	0	1	1	0	1	0	1	0	0	0	0	0	0	0	1	1	0	0	0	0	0	0	1	1	0	1	1	1	1	1	1	1	1	1	0	0	1	0	0	0	0	0	0	0	0	0	0	0	0	1	0	0	1	2	1	2	0	1	2	2	0	0	0	1	1	1	1	2	1	2	1	1	1	1	1	1	1	1	1	1	1	1	1	1
donor_078	0	0	1	2	1	2	2	1	1	1	1	1	1	1	0	0	0	0	0	0	2	2	2	2	1	2	2	2	0	0	0	1	0	0	0	0	0	0	0	1	1	1	1	1	0	0	0	0	0	0	0	0	0	0	1	1	1	0	0	0	0	0	0	1	1	1	1	1	1	1	1	1	1	0	0	1	0	0	0	0	0	0	0	0	0	0	0	0	0	0	0	0	0	0	0	0	0	0	0	0
donor_079	1	0	1	1	1	1	1	1	0	1	2	2	2	0	2	0	0	0	0	0	0	0	0	0	0	0	1	1	0	0	1	1	0	1	1	1	1	1	1	1	1	1	1	1	1	0	0	0	0	0	0	0	0	0	0	0	0	1	0	1	0	0	0	0	0	0	0	0	0	1	0	1	0	0	0	0	0	0	0	1	0	0	0	1	0	1	1	1	0	0	0	0	0	0	0	0	0	0	0	0
donor_080	1	1	1	1	0	1	1	2	2	2	2	1	1	0	0	0	0	0	0	0	1	0	0	0	0	1	0	1	1	1	1	1	1	1	1	1	0	0	0	0	0	0	0	0	0	1	1	0	1	1	1	1	1	0	0	0	0	0	0	2	0	0	0	1	1	1	1	1	1	1	1	1	0	0	1	1	0	1	1	1	0	1	0	1	1	1	1	1	1	1	2	1	1	1	0	2	1	1	1	1
donor_081	0	0	1	1	0	0	0	1	1	1	1	1	0	0	0	0	0	0	0	0	1	1	1	0	0	0	0	1	0	0	0	0	0	0	0	0	0	0	0	0	0	1	0	0	0	0	1	0	1	1	1	0	1	0	0	0	0	1	0	1	0	0	0	0	0	0	0	0	0	0	0	0	0	0	0	0	0	0	1	1	1	1	0	0	0	0	0	0	0	0	0	1	1	0	0	0	0	0	1	0
donor_082	1	0	1	1	0	0	0	1	1	0	0	0	1	0	1	1	0	0	1	1	1	1	1	1	1	1	1	1	0	0	2	2	0	1	1	0	0	0	0	0	0	0	0	0	0	0	0	0	0	0	0	0	0	0	0	1	0	1	1	1	1	1	1	2	2	1	1	1	1	1	0	0	0	0	0	0	0	0	0	0	0	0	0	0	0	0	0	1	1	1	0	0	0	0	0	0	0	1	1	1
donor_083	0	0	1	0	0	0	0	0	0	0	0	0	0	0	0	0	0	1	1	1	1	1	1	1	0	0	0	0	1	0	1	1	0	0	0	0	0	0	1	1	0	0	0	1	1	1	1	0	1	0	0	0	0	0	0	0	0	0	0	1	0	0	0	0	1	0	0	0	0	0	0	2	0	1	1	2	2	2	2	2	2	2	1	2	0	2	0	0	1	0	2	0	1	1	1	2	2	0	2	0
donor_084	0	0	0	0	1	2	0	2	1	1	1	0	0	0	0	0	0	1	1	0	1	1	0	0	0	0	0	0	0	0	0	0	0	0	0	0	0	0	1	1	1	1	1	1	1	1	1	0	1	1	0	1	2	0	1	2	0	1	0	0	0	0	0	1	1	0	0	0	0	0	1	1	0	0	0	1	0	1	0	0	0	0	0	1	1	1	2	2	1	2	2	2	0	0	1	1	1	1	2	1
donor_085	0	1	1	1	1	1	1	1	1	1	1	1	1	1	1	1	1	1	2	1	1	1	1	1	1	1	1	2	1	0	1	1	1	1	1	0	0	0	0	1	0	1	1	1	1	1	1	1	1	1	1	1	1	0	0	0	0	1	0	2	0	0	0	1	1	0	1	1	0	1	1	1	1	1	1	1	1	1	2	1	2	2	1	1	1	2	0	1	1	1	1	1	1	0	0	0	0	0	1	0
donor_086	1	0	1	1	1	1	1	1	2	2	2	2	2	2	2	2	1	1	2	0	0	0	1	1	0	0	1	1	1	0	1	1	1	2	2	0	1	1	1	2	1	1	2	1	2	1	1	1	1	1	1	1	1	1	1	2	0	1	0	0	0	0	0	0	1	0	0	1	0	0	0	1	0	0	0	1	1	1	1	1	1	1	1	1	0	0	0	0	0	0	0	0	0	0	0	0	0	0	0	0
donor_087	0	0	0	0	0	1	0	0	0	2	0	1	0	0	0	0	0	1	0	0	0	0	0	0	0	0	0	0	0	0	0	0	0	0	0	0	0	1	1	1	1	2	2	1	1	2	1	0	0	0	0	0	0	0	0	1	0	1	0	2	0	0	0	1	0	0	1	0	1	1	1	1	1	1	1	1	0	1	2	2	2	2	2	2	2	2	1	2	2	2	1	1	1	1	1	1	1	1	1	1
donor_088	1	0	1	1	0	1	0	1	1	1	1	0	0	0	0	1	1	2	2	1	2	2	2	2	1	1	2	2	2	1	1	1	0	2	0	1	2	2	2	2	2	2	2	2	2	2	2	2	2	2	2	1	1	0	0	1	0	1	0	0	0	0	1	1	1	0	0	1	0	0	0	0	0	0	0	0	0	0	0	0	0	1	0	2	1	0	0	0	0	0	0	0	0	0	0	0	0	0	0	0
donor_089	1	0	1	1	0	1	0	1	1	1	1	0	0	0	1	1	1	1	1	1	2	1	1	1	1	1	0	1	0	0	1	1	0	1	1	0	0	0	0	0	0	1	1	1	1	1	0	0	0	1	1	0	1	0	0	1	0	0	0	1	0	0	1	1	1	1	0	0	0	0	0	0	0	0	0	0	0	1	1	2	2	2	2	2	1	1	1	1	1	1	1	2	1	1	1	1	0	0	2	1
donor_090	0	0	1	1	0	0	0	1	1	1	1	1	1	0	0	0	0	0	0	0	1	1	1	0	1	1	0	0	0	0	0	0	0	0	0	0	0	0	0	0	0	0	1	0	0	0	1	0	0	0	0	0	1	0	0	1	0	1	0	0	0	0	0	0	1	1	1	1	1	1	0	1	1	0	0	1	0	1	1	1	0	0	0	0	1	1	1	0	1	0	1	1	1	0	0	0	0	0	0	0
donor_091	2	1	2	1	0	0	1	1	1	1	0	0	0	0	0	0	0	0	0	0	0	0	0	1	0	1	0	1	1	1	1	1	0	1	1	0	0	0	1	1	0	0	0	0	0	0	0	0	0	0	0	0	1	0	1	1	0	1	1	2	1	0	2	1	1	1	0	0	1	1	1	0	0	0	0	2	0	1	1	1	1	1	1	1	1	0	0	0	0	0	1	1	1	0	0	0	0	0	0	0
donor_092	1	0	0	0	0	1	0	0	1	1	1	1	1	1	1	1	0	1	0	0	0	0	0	1	1	0	0	0	1	0	0	1	0	1	0	0	0	0	1	0	0	0	1	1	0	1	1	1	1	0	0	0	1	0	0	1	0	1	1	1	1	1	1	1	1	0	1	0	0	0	0	1	1	1	1	1	1	1	1	1	1	1	1	1	1	1	1	1	1	1	1	1	1	0	1	2	2	0	0	0
donor_093	1	0	2	0	0	1	1	1	2	1	2	2	2	1	1	0	0	1	2	1	2	1	1	0	0	2	2	2	2	0	1	0	0	0	0	0	0	0	0	0	0	0	0	0	0	0	0	0	1	1	2	1	1	1	1	2	0	0	0	0	0	0	0	1	0	1	0	0	1	1	0	1	0	0	0	0	0	0	0	0	0	0	0	1	1	1	1	1	1	1	1	1	2	1	2	2	2	1	2	0
donor_094	1	0	1	0	0	0	0	0	1	1	1	1	1	1	2	2	1	1	0	0	1	1	0	0	0	0	0	0	0	0	0	1	0	0	0	0	1	2	2	2	1	2	2	1	2	2	1	0	1	1	1	1	2	1	0	0	0	2	1	1	0	0	0	0	0	0	0	0	0	0	0	0	0	0	0	0	0	1	1	1	1	0	1	1	0	0	0	0	0	0	0	0	0	0	0	0	0	0	2	1
donor_095	0	0	1	1	0	1	0	1	2	2	1	1	1	1	1	0	0	0	0	0	0	1	0	0	0	0	0	0	0	0	0	0	0	0	0	0	0	0	0	0	0	1	1	1	1	1	1	1	1	1	1	0	1	0	0	0	0	2	0	1	0	0	0	0	0	0	0	0	1	1	0	0	0	0	0	1	0	1	1	0	0	0	0	0	0	0	0	0	1	0	0	1	1	1	1	1	1	1	1	0
donor_096	1	1	1	0	0	0	0	0	0	1	1	0	0	0	0	0	0	0	0	0	0	0	0	0	0	0	0	0	1	0	0	1	0	0	1	0	1	0	0	0	0	0	0	0	0	0	0	0	2	1	1	1	1	0	0	0	0	0	0	0	0	0	0	0	0	1	0	1	0	1	0	1	0	1	0	0	0	1	1	1	1	0	0	0	1	1	0	1	1	0	1	1	1	0	0	1	1	1	1	0
donor_097	0	0	1	1	1	1	1	1	0	0	0	1	1	1	1	1	1	1	1	1	1	1	1	0	0	0	1	0	0	0	0	0	0	0	0	0	0	0	0	0	1	1	0	0	0	0	0	0	0	0	0	0	0	0	0	1	0	0	0	0	1	1	1	1	1	1	0	2	2	1	1	1	1	0	0	0	0	1	2	2	0	0	0	0	0	1	0	0	0	0	0	0	0	0	0	0	1	0	0	0
donor_098	1	0	1	1	0	1	1	1	1	1	1	1	1	0	0	0	0	2	1	1	1	1	1	1	1	1	1	1	1	0	0	1	1	0	0	0	0	0	1	0	0	1	1	0	0	0	0	0	1	0	0	0	1	0	1	1	0	1	0	1	0	0	0	1	0	1	0	0	0	0	0	2	0	0	0	0	0	2	2	1	2	2	1	1	1	1	0	1	0	1	0	1	1	0	0	0	0	0	1	0
donor_099	1	1	1	1	0	1	0	0	1	1	1	1	1	1	1	1	1	1	1	0	1	1	1	1	1	1	0	0	0	0	0	0	0	0	0	0	0	0	2	1	0	1	1	1	1	0	0	0	0	0	0	0	0	0	0	0	0	1	0	0	0	0	1	1	1	0	1	0	0	0	0	0	0	0	0	0	0	1	1	1	1	0	0	0	0	1	0	1	0	0	1	0	1	0	0	0	0	0	0	0
donor_100	0	0	0	0	0	0	0	0	1	1	0	0	0	0	1	0	0	1	1	1	0	0	0	1	0	0	1	0	0	0	0	0	0	0	0	0	0	0	0	0	0	1	0	0	0	0	0	0	0	0	0	0	1	0	0	0	0	0	0	0	0	0	0	0	0	0	0	0	0	0	0	0	0	0	0	0	0	2	1	1	0	0	0	0	0	0	0	1	1	1	2	1	0	0	0	0	0	0	2	2
